epoch_millis,match_trades,order_trades,wallet_trades,completed_trades,queue_backlog,queue_read_failures,order_reservation_inbox_backlog,order_inbox_backlog,order_inbox_oldest_age_seconds,order_inbox_terminal_debt,wallet_inbox_backlog,wallet_inbox_oldest_age_seconds,wallet_inbox_terminal_debt,match_inbox_backlog,match_inbox_oldest_age_seconds,match_inbox_terminal_debt
1788506312255,0,0,0,0,0,0,0,0,0,0,0,0,0,0,0,0
1788506313281,0,0,0,0,0,0,0,0,0,0,0,0,0,0,0,0
1788506314294,0,0,0,0,13,0,56,56,0,0,10,0,0,49,0,0
1788506315266,131,92,90,90,0,0,94,93,0,0,0,0,0,0,0,0
1788506316268,227,219,193,193,0,0,70,69,0,0,19,0,0,0,0,0
1788506317266,324,324,324,324,43,0,12,12,0,0,0,0,0,22,0,0
1788506318266,422,407,397,397,0,0,39,39,0,0,10,0,0,0,0,0
1788506319263,493,493,493,493,0,0,0,0,0,0,63,0,0,0,0,0
1788506320270,634,605,605,605,11,0,43,43,0,0,11,0,0,0,0,0
1788506321261,730,718,714,714,0,0,28,28,0,0,31,0,0,0,0,0
1788506322263,844,832,815,815,0,0,21,21,0,0,44,0,0,0,0,0
1788506323267,944,934,934,934,0,0,49,49,0,0,0,0,0,0,0,0
1788506324263,1035,1022,1012,1012,0,0,27,27,0,0,10,0,0,0,0,0
1788506325263,1122,1122,1121,1121,0,0,0,0,0,0,28,0,0,0,0,0
1788506326267,1237,1216,1216,1216,47,0,0,0,0,0,21,0,0,0,0,0
1788506327266,1319,1319,1319,1319,25,0,0,0,0,0,27,0,0,0,0,0
1788506328275,1421,1408,1393,1393,13,0,37,37,0,0,56,0,0,0,0,0
1788506329262,1526,1510,1510,1510,16,0,27,27,0,0,42,0,0,0,0,0
1788506330264,1625,1625,1609,1609,0,0,28,28,0,0,19,0,0,0,0,0
1788506331269,1730,1718,1701,1701,0,0,26,26,0,0,48,0,0,0,0,0
1788506332270,1828,1817,1817,1817,11,0,20,19,0,0,41,0,0,0,0,0
1788506333284,1927,1927,1927,1927,31,0,32,32,0,0,0,0,0,13,0,0
1788506334270,2030,2021,2021,2021,9,0,38,38,0,0,9,0,0,0,0,0
1788506335298,2120,2120,2120,2120,0,0,31,31,0,0,22,0,0,0,0,0
1788506336270,2227,2227,2227,2227,22,0,0,0,0,0,29,0,0,22,0,0
1788506337270,2333,2324,2324,2324,27,0,0,0,0,0,33,0,0,0,0,0
1788506338277,2431,2421,2421,2421,10,0,14,14,0,0,45,0,0,0,0,0
1788506339291,2528,2528,2520,2520,0,0,64,63,0,0,8,0,0,0,0,0
1788506340275,2648,2636,2612,2612,32,0,23,23,0,0,56,0,0,0,0,0
1788506341294,2743,2728,2727,2727,14,0,65,65,0,0,15,0,0,0,0,0
1788506342278,2834,2833,2833,2833,1,0,15,15,0,0,1,0,0,0,0,0
1788506343270,2948,2936,2917,2917,0,0,28,28,0,0,46,0,0,0,0,0
1788506344280,3041,3025,3025,3025,0,0,43,43,0,0,0,0,0,0,0,0
1788506345273,3124,3103,3100,3100,21,0,21,20,0,0,46,0,0,0,0,0
1788506346338,3205,3192,3191,3191,0,0,78,78,0,0,5,0,0,1,0,0
1788506347270,3317,3317,3317,3317,0,0,32,32,0,0,19,0,0,0,0,0
1788506348267,3406,3393,3393,3393,13,0,0,0,0,0,37,0,0,26,0,0
1788506349267,3511,3511,3505,3505,0,0,27,27,0,0,0,0,0,27,0,0
1788506350290,3600,3599,3599,3599,79,0,0,0,0,0,32,0,0,0,0,0
1788506351278,3709,3706,3706,3706,3,0,44,44,0,0,3,0,0,6,0,0
1788506352267,3812,3799,3789,3789,0,0,28,28,0,0,37,0,0,0,0,0
1788506353267,3918,3896,3896,3896,22,0,37,37,0,0,30,0,0,0,0,0
1788506354274,4001,4001,3991,3991,0,0,27,27,0,0,42,0,0,0,0,0
1788506355265,4117,4117,4112,4112,0,0,0,0,0,0,34,0,0,0,0,0
1788506356267,4213,4201,4201,4201,2,0,27,27,0,0,38,0,0,0,0,0
1788506357267,4310,4310,4293,4293,0,0,0,0,0,0,39,0,0,0,0,0
1788506358273,4419,4403,4403,4403,43,0,26,26,0,0,16,0,0,27,0,0
1788506359268,4514,4514,4514,4514,22,0,0,0,0,0,25,0,0,22,0,0
1788506360274,4620,4620,4608,4608,0,0,19,19,0,0,13,0,0,0,0,0
1788506361266,4731,4723,4718,4718,1,0,0,0,0,0,32,0,0,0,0,0
1788506362266,4832,4832,4816,4816,0,0,28,28,0,0,43,0,0,0,0,0
1788506363275,4936,4936,4936,4936,21,0,0,0,0,0,39,0,0,0,0,0
1788506364266,5025,5025,5025,5025,26,0,30,30,0,0,0,0,0,26,0,0
1788506365267,5119,5104,5104,5104,15,0,25,25,0,0,40,0,0,0,0,0
1788506366267,5231,5215,5215,5215,0,0,27,27,0,0,3,0,0,0,0,0
1788506367286,5321,5307,5307,5307,0,0,30,30,0,0,28,0,0,0,0,0
1788506368274,5421,5421,5421,5421,11,0,0,0,0,0,31,0,0,4,0,0
1788506369270,5527,5512,5509,5509,15,0,26,26,0,0,47,0,0,0,0,0
1788506370268,5618,5618,5618,5618,0,0,0,0,0,0,25,0,0,0,0,0
1788506371272,5728,5724,5711,5711,0,0,0,0,0,0,33,0,0,0,0,0
1788506372270,5822,5822,5815,5815,0,0,15,15,0,0,29,0,0,0,0,0
1788506373270,5921,5921,5911,5911,0,0,0,0,0,0,32,0,0,0,0,0
1788506374267,6026,6011,6011,6011,0,0,28,28,0,0,42,0,0,0,0,0
1788506375266,6132,6101,6101,6101,0,0,14,14,0,0,0,0,0,0,0,0
1788506376271,6217,6215,6208,6208,0,0,27,27,0,0,37,0,0,0,0,0
1788506377272,6302,6302,6302,6302,0,0,0,0,0,0,49,0,0,0,0,0
1788506378271,6424,6412,6412,6412,12,0,0,0,0,0,44,0,0,0,0,0
1788506379275,6556,6538,6538,6538,0,0,31,31,0,0,0,0,0,0,0,0
1788506380283,6643,6630,6630,6630,15,0,29,29,0,0,49,0,0,0,0,0
1788506381293,6734,6734,6734,6734,27,0,14,14,0,0,7,0,0,5,0,0
1788506382270,6841,6841,6841,6841,0,0,0,0,0,0,27,0,0,0,0,0
1788506383268,6950,6936,6936,6936,0,0,27,27,0,0,27,0,0,0,0,0
1788506384273,7040,7033,7033,7033,7,0,0,0,0,0,38,0,0,0,0,0
1788506385275,7153,7119,7119,7119,34,0,62,62,0,0,34,0,0,0,0,0
1788506386270,7252,7235,7220,7220,0,0,32,32,0,0,15,0,0,0,0,0
1788506387407,7347,7333,7333,7333,0,0,25,24,0,0,20,0,0,0,0,0
1788506388277,7445,7423,7423,7423,22,0,41,41,0,0,40,0,0,0,0,0
1788506389280,7533,7533,7522,7522,0,0,16,15,0,0,6,0,0,0,0,0
1788506390280,7642,7631,7636,7631,11,0,0,0,0,0,26,0,0,0,0,0
1788506391270,7740,7729,7729,7729,27,0,6,6,0,0,0,0,0,4,0,0
1788506392348,7803,7803,7763,7763,0,0,73,73,0,0,115,0,0,0,0,0
1788506393279,7915,7900,7900,7900,15,0,21,21,0,0,37,0,0,0,0,0
1788506394281,8021,8003,8003,8003,18,0,44,44,0,0,26,0,0,0,0,0
1788506395276,8126,8107,8102,8102,3,0,47,47,0,0,5,0,0,0,0,0
1788506396273,8220,8191,8191,8191,29,0,0,0,0,0,59,0,0,0,0,0
1788506397348,8298,8282,8269,8269,0,0,10,9,0,0,29,0,0,0,0,0
1788506398270,8405,8405,8395,8395,0,0,27,27,0,0,38,0,0,0,0,0
1788506399273,8510,8500,8488,8488,0,0,10,10,0,0,33,0,0,0,0,0
1788506400314,8607,8593,8577,8577,14,0,64,64,0,0,30,0,0,0,0,0
1788506401270,8693,8693,8693,8693,0,0,7,7,0,0,35,0,0,0,0,0
1788506402322,8788,8772,8773,8772,62,0,33,33,0,0,63,0,0,0,0,0
1788506403274,8895,8895,8882,8882,0,0,7,6,0,0,3,0,0,4,0,0
1788506404309,8997,8997,8997,8997,27,0,42,43,0,0,22,0,0,5,0,0
1788506405284,9120,9107,9089,9089,0,0,29,29,0,0,19,0,0,0,0,0
1788506406288,9212,9189,9189,9189,23,0,34,34,0,0,44,0,0,0,0,0
1788506407277,9310,9310,9306,9306,0,0,12,12,0,0,0,0,0,21,0,0
1788506408288,9427,9410,9396,9396,0,0,30,30,0,0,14,0,0,0,0,0
1788506409275,9516,9501,9501,9501,15,0,29,29,0,0,43,0,0,0,0,0
1788506410298,9618,9601,9601,9601,0,0,20,20,0,0,17,0,0,0,0,0
1788506411272,9719,9703,9690,9690,0,0,26,26,0,0,41,0,0,0,0,0
1788506412273,9823,9809,9809,9809,14,0,21,21,0,0,17,0,0,27,0,0
1788506413288,9915,9915,9915,9915,21,0,0,0,0,0,32,0,0,7,0,0
1788506414275,10026,10026,10009,10009,0,0,31,31,0,0,51,0,0,0,0,0
1788506415320,10101,10095,10064,10064,0,0,78,77,0,0,31,0,0,0,0,0
1788506416350,10182,10182,10177,10177,40,0,0,0,0,0,47,0,0,0,0,0
1788506417276,10320,10302,10302,10302,44,0,33,33,0,0,17,0,0,7,0,0
1788506418311,10410,10410,10410,10410,41,0,0,0,0,0,30,0,0,9,0,0
1788506419325,10514,10514,10480,10480,19,0,42,41,0,0,34,0,0,32,0,0
1788506420284,10639,10626,10609,10609,0,0,49,49,0,0,17,0,0,0,0,0
1788506421299,10727,10727,10718,10718,25,0,0,0,0,0,28,0,0,31,0,0
1788506422312,10831,10814,10814,10814,0,0,57,57,0,0,18,0,0,0,0,0
1788506423280,10918,10918,10916,10916,34,0,10,10,0,0,0,0,0,0,0,0
1788506424299,11027,11027,11027,11027,32,0,0,0,0,0,21,0,0,0,0,0
1788506425281,11140,11124,11124,11124,3,0,43,42,0,0,4,0,0,0,0,0
1788506426281,11248,11220,11210,11210,0,0,54,54,0,0,32,0,0,0,0,0
1788506427278,11339,11328,11328,11328,11,0,20,20,0,0,39,0,0,0,0,0
1788506428273,11437,11437,11437,11437,0,0,0,0,0,0,34,0,0,0,0,0
1788506429287,11548,11548,11534,11534,0,0,9,9,0,0,43,0,0,0,0,0
1788506430278,11638,11627,11615,11615,0,0,8,8,0,0,25,0,0,0,0,0
1788506431288,11732,11730,11713,11713,30,0,30,30,0,0,19,0,0,0,0,0
1788506432274,11822,11822,11811,11811,0,0,26,26,0,0,41,0,0,0,0,0
1788506433276,11920,11914,11914,11914,39,0,1,1,0,0,0,0,0,21,0,0
1788506434282,12045,12031,12027,12027,0,0,29,29,0,0,18,0,0,0,0,0
1788506435272,12143,12130,12115,12115,0,0,30,30,0,0,42,0,0,0,0,0
1788506436281,12241,12226,12226,12226,0,0,29,29,0,0,29,0,0,0,0,0
1788506437277,12334,12334,12334,12334,26,0,28,28,0,0,0,0,0,0,0,0
1788506438279,12426,12426,12417,12417,0,0,0,0,0,0,31,0,0,0,0,0
1788506439299,12532,12525,12519,12519,0,0,0,0,0,0,45,0,0,0,0,0
1788506440327,12623,12621,12621,12621,2,0,27,27,0,0,1,0,0,0,0,0
1788506441283,12737,12719,12719,12719,33,0,32,33,0,0,21,0,0,0,0,0
1788506442355,12792,12778,12778,12778,0,0,75,75,0,0,34,0,0,0,0,0
1788506443285,12922,12885,12885,12885,39,0,52,52,0,0,25,0,0,0,0,0
1788506444278,13006,13006,13006,13006,26,0,11,11,0,0,0,0,0,26,0,0
1788506445477,13099,13097,13093,13093,4,0,0,0,0,0,52,0,0,0,0,0
1788506446281,13203,13186,13171,13171,0,0,7,7,0,0,5,0,0,0,0,0
1788506447282,13287,13287,13273,13273,0,0,22,22,0,0,22,0,0,0,0,0
1788506448291,13388,13388,13377,13377,0,0,17,17,0,0,13,0,0,0,0,0
1788506449284,13506,13480,13480,13480,13,0,10,10,0,0,18,0,0,0,0,0
1788506450283,13600,13579,13579,13579,0,0,27,27,0,0,0,0,0,28,0,0
1788506451315,13698,13698,13698,13698,0,0,0,0,0,0,22,0,0,14,0,0
1788506452278,13810,13795,13781,13781,0,0,36,36,0,0,40,0,0,0,0,0
1788506453476,13900,13900,13900,13900,13,0,29,29,0,0,33,0,0,0,0,0
1788506454278,14023,14007,14007,14007,37,0,0,0,0,0,43,0,0,0,0,0
1788506455287,14120,14104,14104,14104,0,0,41,41,0,0,0,0,0,0,0,0
1788506456294,14220,14219,14211,14211,0,0,34,34,0,0,26,0,0,0,0,0
1788506457285,14310,14310,14310,14310,41,0,53,53,0,0,0,0,0,21,0,0
1788506458280,14410,14410,14401,14401,0,0,28,28,0,0,0,0,0,27,0,0
1788506459296,14502,14487,14484,14484,0,0,26,26,0,0,22,0,0,0,0,0
1788506460285,14610,14596,14596,14596,0,0,61,61,0,0,11,0,0,0,0,0
1788506461289,14682,14682,14682,14682,36,0,0,0,0,0,21,0,0,4,0,0
1788506462309,14773,14759,14759,14759,0,0,27,27,0,0,0,0,0,38,0,0
1788506463369,14867,14867,14867,14867,0,0,0,0,0,0,62,0,0,0,0,0
1788506464282,14976,14969,14960,14960,0,0,29,29,0,0,46,0,0,0,0,0
1788506465281,15059,15045,15035,15035,0,0,26,26,0,0,38,0,0,0,0,0
1788506466279,15164,15164,15164,15164,0,0,0,0,0,0,27,0,0,0,0,0
1788506467276,15264,15253,15240,15240,0,0,26,26,0,0,42,0,0,0,0,0
1788506468277,15364,15364,15364,15364,0,0,0,0,0,0,26,0,0,0,0,0
1788506469281,15474,15474,15464,15464,0,0,27,27,0,0,36,0,0,0,0,0
1788506470380,15571,15571,15562,15562,0,0,10,10,0,0,0,0,0,15,0,0
1788506471286,15695,15655,15655,15655,40,0,0,0,0,0,71,0,0,0,0,0
1788506472292,15779,15779,15779,15779,0,0,27,27,0,0,33,0,0,0,0,0
1788506473286,15884,15884,15884,15884,0,0,0,0,0,0,29,0,0,0,0,0
1788506474282,15968,15968,15968,15968,0,0,27,27,0,0,27,0,0,0,0,0
1788506475288,16104,16087,16087,16087,26,0,0,0,0,0,0,0,0,0,0,0
1788506476289,16201,16184,16184,16184,54,0,11,11,0,0,17,0,0,0,0,0
1788506477295,16292,16292,16277,16277,0,0,28,28,0,0,2,0,0,25,0,0
1788506478349,16382,16382,16382,16382,0,0,39,38,0,0,7,0,0,0,0,0
1788506479297,16489,16489,16483,16483,0,0,28,28,0,0,0,0,0,0,0,0
1788506480342,16607,16607,16588,16588,0,0,0,0,0,0,59,0,0,0,0,0
1788506481300,16705,16705,16699,16699,0,0,27,27,0,0,13,0,0,0,0,0
1788506482296,16796,16787,16785,16785,0,0,16,16,0,0,39,0,0,0,0,0
1788506483329,16909,16895,16879,16879,0,0,36,35,0,0,16,0,0,0,0,0
1788506484297,16994,16994,16994,16994,23,0,0,0,0,0,28,0,0,23,0,0
1788506485304,17099,17084,17084,17084,15,0,29,29,0,0,46,0,0,0,0,0
1788506486420,17187,17187,17187,17187,0,0,21,21,0,0,30,0,0,0,0,0
1788506487325,17298,17298,17272,17272,0,0,20,20,0,0,73,0,0,0,0,0
1788506488343,17389,17389,17389,17389,55,0,0,0,0,0,23,0,0,0,0,0
1788506489332,17513,17495,17495,17495,18,0,33,33,0,0,39,0,0,0,0,0
1788506490309,17606,17591,17591,17591,43,0,2,2,0,0,44,0,0,0,0,0
1788506491337,17707,17692,17692,17692,0,0,28,27,0,0,21,0,0,0,0,0
1788506492300,17811,17802,17802,17802,9,0,33,32,0,0,9,0,0,0,0,0
1788506493305,17894,17880,17880,17880,0,0,23,23,0,0,27,0,0,0,0,0
1788506494306,17996,17982,17982,17982,8,0,34,34,0,0,14,0,0,0,0,0
1788506495301,18082,18082,18066,18066,0,0,31,31,0,0,37,0,0,0,0,0
1788506496312,18181,18166,18166,18166,0,0,26,26,0,0,41,0,0,0,0,0
1788506497307,18279,18263,18261,18261,0,0,29,29,0,0,23,0,0,0,0,0
1788506498311,18393,18386,18373,18373,0,0,30,30,0,0,44,0,0,0,0,0
1788506499320,18487,18476,18476,18476,11,0,29,29,0,0,36,0,0,0,0,0
1788506500315,18576,18576,18563,18563,0,0,21,21,0,0,43,0,0,0,0,0
1788506501318,18697,18683,18683,18683,24,0,22,22,0,0,31,0,0,0,0,0
1788506502313,18797,18797,18788,18788,0,0,3,3,0,0,40,0,0,0,0,0
1788506503313,18909,18893,18882,18882,0,0,11,10,0,0,11,0,0,0,0,0
1788506504314,18996,18987,18977,18977,9,0,26,26,0,0,30,0,0,0,0,0
1788506505439,19069,19047,19047,19047,0,0,55,55,0,0,0,0,0,3,0,0
1788506506319,19192,19157,19157,19157,0,0,54,54,0,0,0,0,0,0,0,0
1788506507364,19280,19267,19256,19256,3,0,31,31,0,0,4,0,0,26,0,0
1788506508310,19379,19379,19369,19369,0,0,0,0,0,0,43,0,0,0,0,0
1788506509665,19466,19457,19449,19449,0,0,34,34,0,0,119,0,0,0,0,0
1788506510309,19570,19545,19545,19545,25,0,62,62,0,0,60,0,0,0,0,0
1788506511311,19684,19684,19670,19670,0,0,24,24,0,0,35,0,0,0,0,0
1788506512332,19770,19762,19753,19753,0,0,0,0,0,0,37,0,0,0,0,0
1788506513311,19869,19857,19857,19857,0,0,24,24,0,0,31,0,0,0,0,0
1788506514309,19969,19969,19964,19964,0,0,0,0,0,0,27,0,0,0,0,0
1788506515311,20060,20046,20046,20046,41,0,17,16,0,0,14,0,0,8,0,0
1788506516310,20163,20156,20156,20156,23,0,29,36,0,0,0,0,0,0,0,0
1788506517312,20251,20237,20237,20237,14,0,27,27,0,0,40,0,0,0,0,0
1788506518337,20336,20326,20319,20319,0,0,35,35,0,0,32,0,0,0,0,0
1788506519309,20441,20431,20431,20431,0,0,29,29,0,0,35,0,0,0,0,0
1788506520321,20539,20533,20524,20524,0,0,33,33,0,0,30,0,0,0,0,0
1788506521317,20660,20643,20627,20627,0,0,27,27,0,0,43,0,0,0,0,0
1788506522310,20751,20740,20740,20740,11,0,18,18,0,0,37,0,0,0,0,0
1788506523306,20860,20846,20846,20846,0,0,25,25,0,0,26,0,0,0,0,0
1788506524313,20952,20942,20942,20942,10,0,11,11,0,0,12,0,0,28,0,0
1788506525312,21073,21073,21061,21061,0,0,0,0,0,0,26,0,0,0,0,0
1788506526313,21151,21139,21139,21139,37,0,0,0,0,0,38,0,0,0,0,0
1788506527334,21263,21263,21252,21252,0,0,27,27,0,0,38,0,0,0,0,0
1788506528311,21369,21359,21352,21352,0,0,20,20,0,0,44,0,0,0,0,0
1788506529332,21482,21467,21467,21467,0,0,27,27,0,0,41,0,0,0,0,0
1788506530317,21597,21582,21569,21569,0,0,27,27,0,0,39,0,0,0,0,0
1788506531309,21674,21664,21655,21655,10,0,28,28,0,0,45,0,0,0,0,0
1788506532311,21779,21779,21779,21779,0,0,0,0,0,0,30,0,0,0,0,0
1788506533314,21874,21858,21858,21858,28,0,28,27,0,0,22,0,0,24,0,0
1788506534323,21976,21976,21960,21960,24,0,0,0,0,0,28,0,0,21,0,0
1788506535327,22080,22080,22080,22080,0,0,27,27,0,0,0,0,0,17,0,0
1788506536312,22188,22188,22188,22188,30,0,0,0,0,0,22,0,0,0,0,0
1788506537312,22302,22302,22290,22290,0,0,25,25,0,0,8,0,0,0,0,0
1788506538311,22396,22396,22396,22396,46,0,0,0,0,0,0,0,0,46,0,0
1788506539343,22514,22514,22493,22493,0,0,33,33,0,0,11,0,0,0,0,0
1788506540346,22615,22615,22607,22607,0,0,0,0,0,0,45,0,0,30,0,0
1788506541311,22730,22719,22719,22719,11,0,28,28,0,0,38,0,0,0,0,0
1788506542312,22812,22811,22800,22800,0,0,21,21,0,0,37,0,0,0,0,0
1788506543323,22928,22911,22897,22897,0,0,0,0,0,0,42,0,0,0,0,0
1788506544326,23015,23004,23004,23004,0,0,16,15,0,0,28,0,0,0,0,0
1788506545315,23117,23105,23105,23105,0,0,27,27,0,0,28,0,0,0,0,0
1788506546314,23220,23202,23202,23202,18,0,27,27,0,0,46,0,0,0,0,0
1788506547356,23317,23306,23306,23306,0,0,29,29,0,0,21,0,0,0,0,0
1788506548322,23408,23397,23397,23397,22,0,11,11,0,0,35,0,0,0,0,0
1788506549318,23523,23509,23509,23509,0,0,28,28,0,0,27,0,0,0,0,0
1788506550320,23616,23606,23606,23606,0,0,22,22,0,0,33,0,0,0,0,0
1788506551321,23716,23701,23701,23701,0,0,27,27,0,0,27,0,0,0,0,0
1788506552318,23806,23791,23791,23791,0,0,25,25,0,0,21,0,0,0,0,0
1788506553314,23914,23903,23903,23903,0,0,13,13,0,0,11,0,0,0,0,0
1788506554315,24000,24000,23983,23983,0,0,16,16,0,0,39,0,0,0,0,0
1788506555318,24099,24085,24073,24073,14,0,13,13,0,0,44,0,0,0,0,0
1788506556325,24197,24179,24179,24179,0,0,23,23,0,0,4,0,0,2,0,0
1788506557317,24296,24279,24279,24279,17,0,28,28,0,0,44,0,0,0,0,0
1788506558320,24403,24391,24365,24365,0,0,18,18,0,0,61,0,0,0,0,0
1788506559339,24493,24493,24493,24493,35,0,0,0,0,0,21,0,0,0,0,0
1788506560330,24607,24603,24603,24603,0,0,0,0,0,0,40,0,0,0,0,0
1788506561325,24728,24726,24695,24695,0,0,25,25,0,0,31,0,0,0,0,0
1788506562385,24819,24804,24804,24804,15,0,27,27,0,0,41,0,0,0,0,0
1788506563323,24924,24910,24910,24910,0,0,27,27,0,0,20,0,0,0,0,0
1788506564332,25024,25009,25002,25002,0,0,27,27,0,0,34,0,0,0,0,0
1788506565324,25124,25114,25114,25114,0,0,21,21,0,0,37,0,0,0,0,0
1788506566315,25235,25235,25224,25224,0,0,0,0,0,0,30,0,0,0,0,0
1788506567359,25339,25317,25317,25317,22,0,42,42,0,0,47,0,0,0,0,0
1788506568327,25450,25432,25430,25430,0,0,44,44,0,0,2,0,0,0,0,0
1788506569315,25543,25529,25529,25529,0,0,38,37,0,0,8,0,0,0,0,0
1788506570527,25630,25618,25614,25614,0,0,25,25,0,0,14,0,0,4,0,0
1788506571317,25737,25722,25722,25722,15,0,31,30,0,0,15,0,0,0,0,0
1788506572327,25840,25826,25813,25813,0,0,30,30,0,0,41,0,0,0,0,0
1788506573321,25933,25921,25907,25907,0,0,27,27,0,0,26,0,0,0,0,0
1788506574317,26037,26037,26037,26037,0,0,0,0,0,0,40,0,0,0,0,0
1788506575315,26141,26141,26128,26128,0,0,26,26,0,0,35,0,0,0,0,0
1788506576325,26236,26222,26224,26222,21,0,0,0,0,0,38,0,0,0,0,0
1788506577336,26340,26340,26324,26324,0,0,28,28,0,0,21,0,0,21,0,0
1788506578324,26427,26427,26427,26427,31,0,0,0,0,0,21,0,0,0,0,0
1788506579379,26538,26526,26523,26523,0,0,28,28,0,0,35,0,0,0,0,0
1788506580320,26630,26630,26612,26612,0,0,14,13,0,0,1,0,0,21,0,0
1788506581371,26732,26729,26724,26724,0,0,9,9,0,0,30,0,0,5,0,0
1788506582317,26837,26834,26834,26834,0,0,0,0,0,0,48,0,0,0,0,0
1788506583315,26934,26922,26922,26922,12,0,26,26,0,0,42,0,0,0,0,0
1788506584316,27025,27025,27025,27025,0,0,0,0,0,0,0,0,0,42,0,0
1788506585346,27139,27124,27124,27124,15,0,0,0,0,0,42,0,0,0,0,0
1788506586311,27247,27230,27230,27230,0,0,28,28,0,0,27,0,0,0,0,0
1788506587359,27329,27329,27329,27329,55,0,0,0,0,0,39,0,0,0,0,0
1788506588316,27436,27417,27417,27417,19,0,0,0,0,0,49,0,0,0,0,0
1788506589318,27529,27529,27519,27519,0,0,1,1,0,0,28,0,0,23,0,0
1788506590318,27634,27621,27621,27621,44,0,0,0,0,0,13,0,0,0,0,0
1788506591394,27743,27727,27727,27727,0,0,28,28,0,0,14,0,0,12,0,0
1788506592313,27835,27827,27827,27827,8,0,17,17,0,0,35,0,0,0,0,0
1788506593311,27941,27941,27927,27927,0,0,27,27,0,0,42,0,0,0,0,0
1788506594320,28032,28032,28003,28003,0,0,0,0,0,0,39,0,0,0,0,0
1788506595339,28148,28131,28130,28130,0,0,0,0,0,0,30,0,0,0,0,0
1788506596319,28236,28236,28228,28228,0,0,22,22,0,0,18,0,0,0,0,0
1788506597328,28341,28328,28324,28324,13,0,25,25,0,0,21,0,0,6,0,0
1788506598353,28446,28426,28426,28426,0,0,34,34,0,0,44,0,0,0,0,0
1788506599318,28535,28535,28535,28535,0,0,0,0,0,0,33,0,0,0,0,0
1788506600332,28640,28627,28627,28627,0,0,19,19,0,0,0,0,0,0,0,0
1788506601371,28740,28728,28714,28714,12,0,0,0,0,0,12,0,0,30,0,0
1788506602320,28830,28830,28821,28821,0,0,0,0,0,0,39,0,0,0,0,0
1788506603319,28925,28913,28899,28899,0,0,26,26,0,0,52,0,0,0,0,0
1788506604334,29026,29026,29019,29019,0,0,15,15,0,0,21,0,0,0,0,0
1788506605315,29111,29102,29086,29086,0,0,27,27,0,0,42,0,0,0,0,0
1788506606333,29211,29207,29201,29201,0,0,6,5,0,0,27,0,0,0,0,0
1788506607419,29318,29302,29288,29288,0,0,28,28,0,0,57,0,0,0,0,0
1788506608322,29427,29408,29408,29408,0,0,15,15,0,0,19,0,0,0,0,0
1788506609333,29522,29509,29499,29499,0,0,26,26,0,0,47,0,0,0,0,0
1788506610325,29634,29626,29626,29626,18,0,27,27,0,0,36,0,0,0,0,0
1788506611325,29730,29728,29715,29715,26,0,1,1,0,0,46,0,0,0,0,0
1788506612341,29816,29816,29816,29816,56,0,0,0,0,0,15,0,0,0,0,0
1788506613326,29928,29928,29926,29926,28,0,23,23,0,0,2,0,0,28,0,0
1788506614325,30030,30030,30030,30030,28,0,0,0,0,0,24,0,0,28,0,0
1788506615356,30139,30127,30119,30119,12,0,27,27,0,0,15,0,0,0,0,0
1788506616319,30225,30225,30215,30215,0,0,0,0,0,0,41,0,0,0,0,0
1788506617329,30335,30319,30319,30319,0,0,26,26,0,0,41,0,0,0,0,0
1788506618396,30412,30412,30399,30399,34,0,34,37,0,0,13,0,0,0,0,0
1788506619369,30519,30495,30493,30493,0,0,56,56,0,0,26,0,0,0,0,0
1788506620362,30634,30620,30620,30620,0,0,29,29,0,0,28,0,0,0,0,0
1788506621326,30739,30727,30727,30727,12,0,27,27,0,0,38,0,0,0,0,0
1788506622328,30836,30836,30822,30822,0,0,0,0,0,0,45,0,0,0,0,0
1788506623353,30941,30932,30932,30932,9,0,26,26,0,0,35,0,0,0,0,0
1788506624344,31041,31038,31028,31028,0,0,26,26,0,0,39,0,0,0,0,0
1788506625337,31152,31136,31123,31123,0,0,27,27,0,0,13,0,0,0,0,0
1788506626333,31235,31220,31220,31220,15,0,27,27,0,0,43,0,0,0,0,0
1788506627375,31351,31328,31328,31328,0,0,24,24,0,0,23,0,0,0,0,0
1788506628335,31422,31422,31422,31422,26,0,0,0,0,0,21,0,0,7,0,0
1788506629330,31527,31527,31525,31525,0,0,28,28,0,0,1,0,0,28,0,0
1788506630351,31625,31608,31608,31608,43,0,27,27,0,0,17,0,0,0,0,0
1788506631360,31714,31714,31714,31714,32,0,0,0,0,0,21,0,0,0,0,0
1788506632348,31820,31806,31806,31806,0,0,31,31,0,0,14,0,0,22,0,0
1788506633349,31923,31923,31915,31915,29,0,28,28,0,0,0,0,0,0,0,0
1788506634374,32025,32014,32014,32014,12,0,40,42,0,0,11,0,0,0,0,0
1788506635316,32127,32119,32119,32119,0,0,28,28,0,0,0,0,0,0,0,0
1788506636355,32230,32218,32218,32218,41,0,27,27,0,0,12,0,0,0,0,0
1788506637372,32328,32328,32314,32314,0,0,0,0,0,0,27,0,0,28,0,0
1788506638330,32436,32424,32422,32422,0,0,27,27,0,0,31,0,0,0,0,0
1788506639347,32527,32510,32510,32510,17,0,30,30,0,0,21,0,0,0,0,0
1788506640342,32634,32627,32611,32611,0,0,19,19,0,0,16,0,0,0,0,0
1788506641341,32717,32705,32697,32697,0,0,27,27,0,0,48,0,0,0,0,0
1788506642321,32822,32819,32810,32810,0,0,26,25,0,0,12,0,0,0,0,0
1788506643366,32924,32906,32893,32893,0,0,30,30,0,0,61,0,0,0,0,0
1788506644333,33018,33010,33010,33010,0,0,21,21,0,0,34,0,0,0,0,0
1788506645315,33137,33116,33099,33099,0,0,32,32,0,0,17,0,0,0,0,0
1788506646360,33214,33198,33198,33198,16,0,27,27,0,0,42,0,0,0,0,0
1788506647367,33309,33309,33309,33309,0,0,0,0,0,0,32,0,0,0,0,0
1788506648332,33413,33401,33401,33401,0,0,29,29,0,0,29,0,0,0,0,0
1788506649339,33510,33493,33493,33493,17,0,51,51,0,0,17,0,0,0,0,0
1788506650368,33615,33615,33600,33600,0,0,30,30,0,0,32,0,0,0,0,0
1788506651366,33726,33707,33707,33707,0,0,45,45,0,0,25,0,0,0,0,0
1788506652314,33837,33830,33817,33817,0,0,32,31,0,0,20,0,0,0,0,0
1788506653331,33932,33932,33918,33918,0,0,27,27,0,0,21,0,0,0,0,0
1788506654337,34033,34017,34013,34013,16,0,18,18,0,0,41,0,0,0,0,0
1788506655316,34136,34123,34122,34122,0,0,27,27,0,0,28,0,0,0,0,0
1788506656486,34220,34220,34210,34210,21,0,0,0,0,0,28,0,0,31,0,0
1788506657327,34335,34322,34322,34322,13,0,17,17,0,0,13,0,0,0,0,0
1788506658327,34429,34429,34415,34415,0,0,27,27,0,0,42,0,0,0,0,0
1788506659397,34511,34499,34499,34499,5,0,18,18,0,0,19,0,0,27,0,0
1788506660325,34637,34622,34602,34602,0,0,40,40,0,0,20,0,0,0,0,0
1788506661361,34723,34711,34711,34711,0,0,28,28,0,0,27,0,0,0,0,0
1788506662323,34820,34820,34820,34820,0,0,0,0,0,0,28,0,0,0,0,0
1788506663321,34935,34924,34924,34924,11,0,27,27,0,0,37,0,0,0,0,0
1788506664379,35023,35008,35008,35008,0,0,30,30,0,0,43,0,0,0,0,0
1788506665323,35121,35096,35096,35096,25,0,34,34,0,0,26,0,0,0,0,0
1788506666376,35210,35208,35199,35199,0,0,28,28,0,0,21,0,0,0,0,0
1788506667330,35289,35276,35276,35276,13,0,33,33,0,0,33,0,0,0,0,0
1788506668367,35382,35382,35368,35368,0,0,1,1,0,0,40,0,0,0,0,0
1788506669341,35487,35473,35473,35473,14,0,27,27,0,0,39,0,0,0,0,0
1788506670323,35614,35597,35597,35597,0,0,32,32,0,0,0,0,0,0,0,0
1788506671372,35693,35691,35691,35691,0,0,29,29,0,0,43,0,0,0,0,0
1788506672323,35794,35794,35794,35794,53,0,0,0,0,0,0,0,0,21,0,0
1788506673383,35916,35901,35887,35887,15,0,28,28,0,0,55,0,0,0,0,0
1788506674386,35989,35989,35989,35989,27,0,0,0,0,0,30,0,0,0,0,0
1788506675329,36096,36096,36096,36096,0,0,0,0,0,0,30,0,0,0,0,0
1788506676342,36206,36194,36194,36194,0,0,31,31,0,0,33,0,0,0,0,0
1788506677353,36313,36299,36299,36299,41,0,26,26,0,0,41,0,0,0,0,0
1788506678346,36401,36401,36386,36386,0,0,6,5,0,0,14,0,0,30,0,0
1788506679387,36522,36522,36522,36522,0,0,0,0,0,0,34,0,0,0,0,0
1788506680338,36633,36618,36604,36604,15,0,29,29,0,0,24,0,0,0,0,0
1788506681411,36723,36723,36700,36700,0,0,0,0,0,0,38,0,0,0,0,0
1788506682338,36825,36812,36812,36812,13,0,27,27,0,0,41,0,0,0,0,0
1788506683347,36915,36896,36883,36883,0,0,30,30,0,0,41,0,0,0,0,0
1788506684353,37006,37006,36994,36994,0,0,27,27,0,0,41,0,0,0,0,0
1788506685375,37099,37089,37089,37089,0,0,21,21,0,0,40,0,0,0,0,0
1788506686371,37179,37179,37179,37179,0,0,0,0,0,0,33,0,0,0,0,0
1788506687367,37299,37284,37274,37274,0,0,27,27,0,0,43,0,0,0,0,0
1788506688324,37401,37401,37401,37401,0,0,41,41,0,0,12,0,0,0,0,0
1788506689353,37508,37497,37495,37495,0,0,27,27,0,0,29,0,0,0,0,0
1788506690375,37610,37591,37591,37591,0,0,46,46,0,0,30,0,0,0,0,0
1788506691334,37709,37697,37697,37697,12,0,40,40,0,0,12,0,0,0,0,0
1788506692360,37806,37806,37791,37791,0,0,18,18,0,0,0,0,0,35,0,0
1788506693347,37914,37914,37914,37914,0,0,0,0,0,0,29,0,0,0,0,0
1788506694321,38018,37995,37995,37995,44,0,0,0,0,0,50,0,0,0,0,0
1788506695385,38118,38099,38099,38099,0,0,32,32,0,0,19,0,0,0,0,0
1788506696367,38229,38212,38197,38197,0,0,31,31,0,0,32,0,0,0,0,0
1788506697329,38312,38298,38298,38298,14,0,27,27,0,0,41,0,0,0,0,0
1788506698371,38410,38394,38394,38394,0,0,31,31,0,0,20,0,0,16,0,0
1788506699333,38500,38482,38482,38482,27,0,32,32,0,0,39,0,0,0,0,0
1788506700345,38587,38587,38587,38587,0,0,0,0,0,0,32,0,0,0,0,0
1788506701344,38678,38678,38678,38678,0,0,46,46,0,0,0,0,0,0,0,0
1788506702329,38788,38773,38773,38773,19,0,24,27,0,0,37,0,0,0,0,0
1788506703370,38886,38886,38857,38857,0,0,0,0,0,0,59,0,0,0,0,0
1788506704377,38964,38964,38964,38964,15,0,31,31,0,0,42,0,0,0,0,0
1788506705352,39068,39054,39044,39044,0,0,27,27,0,0,37,0,0,0,0,0
1788506706358,39159,39159,39151,39151,0,0,1,0,0,0,28,0,0,0,0,0
1788506707345,39266,39266,39265,39265,0,0,0,0,0,0,21,0,0,0,0,0
1788506708321,39361,39361,39354,39354,0,0,27,27,0,0,0,0,0,26,0,0
1788506709349,39449,39447,39447,39447,2,0,29,29,0,0,23,0,0,0,0,0
1788506710373,39557,39552,39545,39545,27,0,20,20,0,0,0,0,0,0,0,0
1788506711325,39656,39656,39646,39646,0,0,3,3,0,0,19,0,0,23,0,0
1788506712347,39778,39763,39753,39753,15,0,0,0,0,0,26,0,0,0,0,0
1788506713342,39876,39861,39846,39846,15,0,27,27,0,0,36,0,0,0,0,0
1788506714327,39986,39986,39986,39986,0,0,0,0,0,0,28,0,0,0,0,0
1788506715346,40095,40083,40068,40068,12,0,26,26,0,0,46,0,0,0,0,0
1788506716384,40201,40184,40184,40184,0,0,36,36,0,0,21,0,0,21,0,0
1788506717331,40296,40296,40296,40296,0,0,0,0,0,0,27,0,0,0,0,0
1788506718350,40381,40381,40381,40381,51,0,0,0,0,0,0,0,0,19,0,0
1788506719372,40492,40479,40479,40479,0,0,0,0,0,0,39,0,0,26,0,0
1788506720371,40595,40584,40569,40569,11,0,28,28,0,0,37,0,0,0,0,0
1788506721378,40675,40675,40675,40675,0,0,47,47,0,0,21,0,0,0,0,0
1788506722349,40780,40780,40780,40780,39,0,0,0,0,0,23,0,0,0,0,0
1788506723345,40889,40876,40876,40876,0,0,29,29,0,0,28,0,0,0,0,0
1788506724325,40982,40964,40964,40964,0,0,47,47,0,0,2,0,0,0,0,0
1788506725334,41080,41067,41054,41054,0,0,27,27,0,0,40,0,0,0,0,0
1788506726343,41172,41172,41172,41172,25,0,18,24,0,0,0,0,0,0,0,0
1788506727326,41269,41255,41255,41255,27,0,0,0,0,0,40,0,0,0,0,0
1788506728382,41368,41368,41355,41355,7,0,0,0,0,0,28,0,0,0,0,0
1788506729392,41460,41460,41446,41446,40,0,0,0,0,0,21,0,0,0,0,0
1788506730350,41570,41555,41555,41555,15,0,28,28,0,0,43,0,0,0,0,0
1788506731417,41653,41653,41649,41649,27,0,27,26,0,0,13,0,0,0,0,0
1788506732343,41740,41740,41740,41740,19,0,27,27,0,0,0,0,0,0,0,0
1788506733323,41840,41840,41832,41832,16,0,0,0,0,0,27,0,0,8,0,0
1788506734385,41937,41921,41921,41921,20,0,43,43,0,0,28,0,0,21,0,0
1788506735348,42030,42024,42019,42019,0,0,28,28,0,0,34,0,0,0,0,0
1788506736340,42142,42142,42142,42142,27,0,13,18,0,0,0,0,0,0,0,0
1788506737385,42240,42225,42225,42225,2,0,24,24,0,0,44,0,0,0,0,0
1788506738362,42340,42323,42323,42323,0,0,30,30,0,0,0,0,0,0,0,0
1788506739393,42436,42419,42414,42414,17,0,29,29,0,0,57,0,0,0,0,0
1788506740364,42516,42505,42493,42493,11,0,31,31,0,0,33,0,0,1,0,0
1788506741338,42634,42620,42617,42617,0,0,31,31,0,0,3,0,0,0,0,0
1788506742359,42738,42720,42720,42720,0,0,28,28,0,0,27,0,0,0,0,0
1788506743348,42824,42824,42824,42824,0,0,0,0,0,0,30,0,0,0,0,0
1788506744331,42937,42920,42901,42901,0,0,28,28,0,0,47,0,0,0,0,0
1788506745356,43032,43024,43024,43024,8,0,0,0,0,0,39,0,0,0,0,0
1788506746384,43146,43137,43127,43127,0,0,10,10,0,0,35,0,0,0,0,0
1788506747338,43247,43226,43226,43226,21,0,27,27,0,0,50,0,0,0,0,0
1788506748352,43358,43343,43333,43333,0,0,30,30,0,0,10,0,0,0,0,0
1788506749343,43442,43432,43432,43432,0,0,27,27,0,0,37,0,0,0,0,0
1788506750349,43542,43527,43527,43527,0,0,33,33,0,0,41,0,0,0,0,0
1788506751406,43629,43629,43629,43629,0,0,51,50,0,0,26,0,0,0,0,0
1788506752358,43746,43726,43726,43726,0,0,33,33,0,0,20,0,0,0,0,0
1788506753338,43838,43838,43824,43824,0,0,12,11,0,0,25,0,0,0,0,0
1788506754356,43939,43927,43919,43919,0,0,20,20,0,0,8,0,0,0,0,0
1788506755348,44028,44028,44028,44028,0,0,48,48,0,0,0,0,0,0,0,0
1788506756329,44152,44140,44124,44124,0,0,24,24,0,0,16,0,0,0,0,0
1788506757406,44239,44230,44220,44220,0,0,44,44,0,0,9,0,0,0,0,0
1788506758342,44351,44340,44340,44340,5,0,27,27,0,0,36,0,0,0,0,0
1788506759333,44439,44439,44439,44439,0,0,0,0,0,0,43,0,0,0,0,0
1788506760385,44537,44528,44513,44513,9,0,26,26,0,0,32,0,0,0,0,0
1788506761340,44613,44613,44613,44613,46,0,0,0,0,0,22,0,0,5,0,0
1788506762333,44732,44732,44731,44731,0,0,0,0,0,0,0,0,0,0,0,0
1788506763400,44841,44823,44823,44823,0,0,22,22,0,0,0,0,0,1,0,0
1788506764335,44933,44933,44931,44931,0,0,0,0,0,0,31,0,0,0,0,0
1788506765330,45043,45031,45017,45017,12,0,18,18,0,0,51,0,0,0,0,0
1788506766331,45154,45154,45139,45139,0,0,27,27,0,0,41,0,0,0,0,0
1788506767352,45232,45232,45221,45221,0,0,19,19,0,0,23,0,0,4,0,0
1788506768345,45333,45330,45319,45319,0,0,25,25,0,0,44,0,0,0,0,0
1788506769330,45445,45426,45426,45426,0,0,28,28,0,0,28,0,0,0,0,0
1788506770338,45545,45530,45530,45530,0,0,26,26,0,0,43,0,0,0,0,0
1788506771337,45641,45641,45639,45639,0,0,45,45,0,0,2,0,0,0,0,0
1788506772331,45747,45746,45746,45746,0,0,21,21,0,0,33,0,0,0,0,0
1788506773340,45849,45827,45827,45827,6,0,25,26,0,0,38,0,0,0,0,0
1788506774360,45939,45939,45923,45923,0,0,32,32,0,0,19,0,0,0,0,0
1788506775333,46048,46033,46013,46013,0,0,12,12,0,0,49,0,0,0,0,0
1788506776367,46138,46126,46126,46126,0,0,24,24,0,0,28,0,0,0,0,0
1788506777332,46235,46235,46235,46235,0,0,0,0,0,0,27,0,0,0,0,0
1788506778367,46331,46330,46330,46330,1,0,38,38,0,0,22,0,0,0,0,0
1788506779342,46447,46429,46429,46429,0,0,28,28,0,0,21,0,0,0,0,0
1788506780336,46547,46547,46547,46547,35,0,22,22,0,0,0,0,0,35,0,0
1788506781439,46632,46620,46620,46620,28,0,37,36,0,0,12,0,0,0,0,0
1788506782353,46735,46718,46718,46718,0,0,30,30,0,0,25,0,0,0,0,0
1788506783349,46839,46823,46823,46823,28,0,43,43,0,0,16,0,0,0,0,0
1788506784353,46935,46921,46914,46914,0,0,28,28,0,0,34,0,0,0,0,0
1788506785353,47036,47027,47027,47027,9,0,29,29,0,0,9,0,0,0,0,0
1788506786387,47136,47120,47120,47120,0,0,27,27,0,0,28,0,0,0,0,0
1788506787345,47214,47214,47214,47214,31,0,25,25,0,0,21,0,0,0,0,0
1788506788408,47313,47296,47296,47296,36,0,28,28,0,0,17,0,0,0,0,0
1788506789336,47427,47400,47400,47400,0,0,56,56,0,0,7,0,0,0,0,0
1788506790376,47521,47507,47507,47507,0,0,41,41,0,0,14,0,0,0,0,0
1788506791350,47598,47598,47598,47598,18,0,36,36,0,0,39,0,0,0,0,0
1788506792403,47718,47718,47704,47704,0,0,31,31,0,0,14,0,0,0,0,0
1788506793348,47822,47811,47811,47811,0,0,2,2,0,0,38,0,0,26,0,0
1788506794331,47916,47901,47901,47901,0,0,27,27,0,0,42,0,0,0,0,0
1788506795388,48022,48022,48007,48007,0,0,0,0,0,0,69,0,0,0,0,0
1788506796333,48116,48116,48116,48116,27,0,19,18,0,0,1,0,0,0,0,0
1788506797329,48214,48198,48198,48198,0,0,29,29,0,0,21,0,0,0,0,0
1788506798374,48321,48302,48282,48282,19,0,33,33,0,0,50,0,0,0,0,0
1788506799392,48400,48395,48392,48392,28,0,16,16,0,0,8,0,0,0,0,0
1788506800395,48512,48512,48499,48499,0,0,27,27,0,0,0,0,0,0,0,0
1788506801425,48606,48606,48606,48606,48,0,0,0,0,0,23,0,0,0,0,0
1788506802376,48719,48719,48719,48719,15,0,20,20,0,0,29,0,0,0,0,0
1788506803332,48824,48824,48824,48824,31,0,0,0,0,0,15,0,0,0,0,0
1788506804393,48922,48913,48911,48911,0,0,0,0,0,0,44,0,0,0,0,0
1788506805367,49023,49023,49023,49023,10,0,28,28,0,0,40,0,0,0,0,0
1788506806340,49122,49111,49111,49111,11,0,27,27,0,0,37,0,0,0,0,0
1788506807374,49225,49225,49209,49209,0,0,0,0,0,0,44,0,0,0,0,0
1788506808379,49328,49315,49315,49315,0,0,27,27,0,0,33,0,0,0,0,0
1788506809475,49418,49407,49407,49407,11,0,24,24,0,0,2,0,0,0,0,0
1788506810629,49507,49499,49499,49499,0,0,22,22,0,0,10,0,0,0,0,0
1788506811358,49631,49620,49616,49616,11,0,6,6,0,0,46,0,0,0,0,0
1788506812360,49736,49721,49721,49721,15,0,31,31,0,0,42,0,0,0,0,0
1788506813527,49813,49813,49813,49813,18,0,47,47,0,0,17,0,0,2,0,0
1788506814329,49939,49921,49921,49921,0,0,31,31,0,0,27,0,0,0,0,0
1788506815348,50042,50032,50032,50032,0,0,38,38,0,0,1,0,0,0,0,0
1788506816343,50140,50116,50116,50116,24,0,30,30,0,0,53,0,0,0,0,0
1788506817406,50237,50222,50222,50222,41,0,0,0,0,0,15,0,0,0,0,0
1788506818332,50340,50340,50324,50324,0,0,10,10,0,0,10,0,0,27,0,0
1788506819355,50449,50449,50436,50436,0,0,0,0,0,0,24,0,0,0,0,0
1788506820418,50540,50525,50525,50525,0,0,29,29,0,0,42,0,0,0,0,0
1788506821350,50658,50641,50641,50641,17,0,29,29,0,0,45,0,0,0,0,0
1788506822415,50749,50739,50739,50739,3,0,7,7,0,0,28,0,0,0,0,0
1788506823333,50856,50856,50842,50842,0,0,26,26,0,0,41,0,0,0,0,0
1788506824356,50948,50937,50937,50937,0,0,21,21,0,0,37,0,0,0,0,0
1788506825419,51063,51063,51063,51063,27,0,28,28,0,0,0,0,0,0,0,0
1788506826361,51165,51149,51149,51149,43,0,29,29,0,0,16,0,0,0,0,0
1788506827382,51270,51252,51252,51252,18,0,7,7,0,0,36,0,0,0,0,0
1788506828348,51366,51366,51354,51354,0,0,2,1,0,0,29,0,0,0,0,0
1788506829353,51444,51435,51423,51423,0,0,27,27,0,0,35,0,0,0,0,0
1788506830510,51539,51539,51539,51539,13,0,27,27,0,0,44,0,0,0,0,0
1788506831344,51640,51628,51628,51628,39,0,30,30,0,0,12,0,0,0,0,0
1788506832474,51720,51720,51720,51720,51,0,0,0,0,0,14,0,0,0,0,0
1788506833336,51819,51819,51819,51819,20,0,7,16,0,0,29,0,0,0,0,0
1788506834347,51937,51937,51937,51937,54,0,20,20,0,0,0,0,0,0,0,0
1788506835379,52035,52021,52021,52021,27,0,4,4,0,0,44,0,0,0,0,0
1788506836336,52143,52143,52130,52130,0,0,49,49,0,0,13,0,0,0,0,0
1788506837331,52228,52228,52228,52228,6,0,24,24,0,0,27,0,0,0,0,0
1788506838329,52344,52344,52344,52344,0,0,0,0,0,0,27,0,0,0,0,0
1788506839417,52428,52414,52414,52414,0,0,28,28,0,0,41,0,0,0,0,0
1788506840419,52544,52544,52524,52524,0,0,0,0,0,0,31,0,0,0,0,0
1788506841403,52651,52637,52637,52637,5,0,23,23,0,0,36,0,0,0,0,0
1788506842350,52744,52725,52725,52725,49,0,0,0,0,0,45,0,0,0,0,0
1788506843328,52863,52847,52847,52847,16,0,28,28,0,0,43,0,0,0,0,0
1788506844477,52963,52963,52945,52945,0,0,22,22,0,0,39,0,0,10,0,0
1788506845348,53066,53066,53046,53046,0,0,32,32,0,0,0,0,0,12,0,0
1788506846362,53167,53153,53153,53153,6,0,0,0,0,0,41,0,0,21,0,0
1788506847388,53273,53259,53250,53250,0,0,57,57,0,0,9,0,0,0,0,0
1788506848361,53360,53360,53360,53360,28,0,5,5,0,0,48,0,0,0,0,0
1788506849482,53481,53465,53451,53451,0,0,0,0,0,0,7,0,0,0,0,0
1788506850349,53548,53548,53548,53548,0,0,35,35,0,0,21,0,0,0,0,0
1788506851436,53667,53647,53647,53647,0,0,21,21,0,0,0,0,0,0,0,0
1788506852338,53770,53753,53753,53753,0,0,25,25,0,0,21,0,0,0,0,0
1788506853412,53878,53862,53854,53854,32,0,34,34,0,0,48,0,0,0,0,0
1788506854364,53981,53968,53968,53968,0,0,29,29,0,0,8,0,0,28,0,0
1788506855355,54078,54068,54068,54068,10,0,0,0,0,0,56,0,0,0,0,0
1788506856348,54170,54153,54153,54153,4,0,28,28,0,0,36,0,0,0,0,0
1788506857416,54258,54258,54258,54258,46,0,37,42,0,0,25,0,0,0,0,0
1788506858401,54373,54366,54344,54344,0,0,41,41,0,0,44,0,0,0,0,0
1788506859455,54485,54485,54468,54468,0,0,31,31,0,0,0,0,0,0,0,0
1788506860402,54571,54558,54556,54556,0,0,0,0,0,0,27,0,0,0,0,0
1788506861418,54672,54672,54672,54672,0,0,0,0,0,0,38,0,0,0,0,0
1788506862389,54763,54763,54758,54758,0,0,0,0,0,0,21,0,0,0,0,0
1788506863352,54862,54851,54851,54851,4,0,27,27,0,0,34,0,0,0,0,0
1788506864351,54960,54950,54950,54950,0,0,21,21,0,0,28,0,0,0,0,0
1788506865396,55066,55052,55039,55039,0,0,32,32,0,0,13,0,0,0,0,0
1788506866364,55151,55151,55151,55151,0,0,29,29,0,0,41,0,0,0,0,0
1788506867391,55282,55261,55261,55261,0,0,25,25,0,0,13,0,0,0,0,0
1788506868405,55363,55363,55363,55363,0,0,36,36,0,0,45,0,0,0,0,0
1788506869352,55475,55475,55464,55464,31,0,0,0,0,0,21,0,0,0,0,0
1788506870533,55579,55579,55579,55579,0,0,0,0,0,0,50,0,0,0,0,0
1788506871345,55665,55665,55665,55665,0,0,0,0,0,0,21,0,0,2,0,0
1788506872518,55756,55756,55756,55756,0,0,0,0,0,0,45,0,0,0,0,0
1788506873363,55857,55841,55841,55841,6,0,29,29,0,0,37,0,0,0,0,0
1788506874378,55940,55940,55940,55940,0,0,22,22,0,0,37,0,0,0,0,0
1788506875362,56050,56050,56050,56050,28,0,22,22,0,0,0,0,0,0,0,0
1788506876335,56144,56127,56127,56127,38,0,0,0,0,0,45,0,0,0,0,0
1788506877345,56246,56246,56246,56246,31,0,0,0,0,0,0,0,0,16,0,0
1788506878361,56332,56332,56326,56326,44,0,6,5,0,0,28,0,0,0,0,0
1788506879361,56431,56431,56431,56431,48,0,0,0,0,0,0,0,0,16,0,0
1788506880364,56550,56535,56535,56535,37,0,24,24,0,0,15,0,0,0,0,0
1788506881360,56661,56657,56647,56647,0,0,21,21,0,0,45,0,0,0,0,0
1788506882438,56763,56751,56732,56732,0,0,22,22,0,0,45,0,0,0,0,0
1788506883403,56855,56854,56854,56854,0,0,0,0,0,0,22,0,0,16,0,0
1788506884336,56963,56954,56954,56954,9,0,28,28,0,0,36,0,0,0,0,0
1788506885375,57053,57053,57044,57044,0,0,0,0,0,0,43,0,0,0,0,0
1788506886377,57156,57145,57138,57138,0,0,33,33,0,0,22,0,0,0,0,0
1788506887417,57264,57253,57246,57246,11,0,7,7,0,0,28,0,0,0,0,0
1788506888418,57370,57354,57354,57354,16,0,37,37,0,0,50,0,0,0,0,0
1788506889400,57477,57472,57472,57472,52,0,0,0,0,0,5,0,0,0,0,0
1788506890369,57574,57571,57570,57570,0,0,0,0,0,0,17,0,0,0,0,0
1788506891398,57678,57678,57667,57667,0,0,0,0,0,0,26,0,0,0,0,0
1788506892336,57772,57762,57762,57762,0,0,26,26,0,0,27,0,0,0,0,0
1788506893406,57885,57873,57873,57873,12,0,44,44,0,0,12,0,0,0,0,0
1788506894408,57971,57968,57968,57968,3,0,7,7,0,0,24,0,0,0,0,0
1788506895343,58061,58061,58045,58045,0,0,0,0,0,0,32,0,0,26,0,0
1788506896404,58174,58161,58161,58161,13,0,29,29,0,0,29,0,0,16,0,0
1788506897350,58288,58272,58272,58272,0,0,27,27,0,0,26,0,0,0,0,0
1788506898329,58389,58380,58366,58366,0,0,21,21,0,0,40,0,0,0,0,0
1788506899414,58477,58466,58466,58466,38,0,0,0,0,0,38,0,0,0,0,0
1788506900383,58588,58568,58568,58568,0,0,28,28,0,0,0,0,0,0,0,0
1788506901441,58682,58666,58656,58656,0,0,57,57,0,0,10,0,0,0,0,0
1788506902347,58766,58766,58755,58755,0,0,26,26,0,0,0,0,0,0,0,0
1788506903355,58857,58857,58857,58857,0,0,0,0,0,0,26,0,0,0,0,0
1788506904415,58952,58952,58952,58952,0,0,0,0,0,0,31,0,0,16,0,0
1788506905371,59045,59033,59030,59030,38,0,0,0,0,0,42,0,0,0,0,0
1788506906449,59147,59146,59146,59146,0,0,0,0,0,0,18,0,0,19,0,0
1788506907420,59246,59230,59229,59229,0,0,6,6,0,0,46,0,0,0,0,0
1788506908371,59354,59343,59329,59329,0,0,38,37,0,0,14,0,0,0,0,0
1788506909363,59429,59429,59429,59429,29,0,7,7,0,0,41,0,0,0,0,0
1788506910473,59548,59529,59529,59529,0,0,34,34,0,0,42,0,0,21,0,0
1788506911446,59650,59636,59636,59636,14,0,29,29,0,0,26,0,0,0,0,0
1788506912368,59761,59747,59747,59747,0,0,31,31,0,0,27,0,0,0,0,0
1788506913341,59864,59841,59841,59841,23,0,0,0,0,0,56,0,0,0,0,0
1788506914442,59967,59967,59955,59955,0,0,26,26,0,0,0,0,0,0,0,0
1788506915370,60075,60060,60060,60060,0,0,46,45,0,0,0,0,0,0,0,0
1788506916356,60181,60181,60181,60181,0,0,30,30,0,0,21,0,0,0,0,0
1788506917439,60271,60271,60271,60271,40,0,0,0,0,0,39,0,0,0,0,0
1788506918382,60382,60370,60368,60368,0,0,46,46,0,0,2,0,0,0,0,0
1788506919364,60470,60470,60470,60470,3,0,21,21,0,0,31,0,0,0,0,0
1788506920514,60590,60571,60571,60571,0,0,34,34,0,0,3,0,0,0,0,0
1788506921427,60682,60682,60667,60667,0,0,29,29,0,0,12,0,0,29,0,0
1788506922434,60775,60775,60762,60762,0,0,4,3,0,0,27,0,0,0,0,0
1788506923349,60885,60866,60866,60866,19,0,29,29,0,0,40,0,0,0,0,0
1788506924405,60980,60980,60980,60980,0,0,0,0,0,0,34,0,0,0,0,0
1788506925370,61086,61078,61068,61068,0,0,32,32,0,0,23,0,0,0,0,0
1788506926553,61178,61164,61164,61164,0,0,22,22,0,0,0,0,0,0,0,0
1788506927342,61277,61277,61277,61277,22,0,0,0,0,0,28,0,0,0,0,0
1788506928365,61372,61372,61372,61372,0,0,0,0,0,0,31,0,0,0,0,0
1788506929416,61476,61461,61461,61461,0,0,28,28,0,0,15,0,0,0,0,0
1788506930408,61585,61585,61585,61585,0,0,0,0,0,0,9,0,0,31,0,0
1788506931487,61690,61683,61663,61663,0,0,14,14,0,0,49,0,0,29,0,0
1788506932566,61786,61775,61772,61772,0,0,18,18,0,0,11,0,0,0,0,0
1788506933347,61893,61893,61878,61878,0,0,8,8,0,0,36,0,0,0,0,0
1788506934531,61995,61995,61986,61986,15,0,32,32,0,0,16,0,0,0,0,0
1788506935370,62093,62093,62093,62093,11,0,30,30,0,0,43,0,0,0,0,0
1788506936480,62212,62198,62198,62198,0,0,7,7,0,0,46,0,0,32,0,0
1788506937344,62311,62296,62296,62296,0,0,34,34,0,0,0,0,0,0,0,0
1788506938367,62396,62396,62396,62396,0,0,28,28,0,0,48,0,0,0,0,0
1788506939403,62526,62513,62513,62513,34,0,1,9,0,0,13,0,0,0,0,0
1788506940508,62621,62600,62600,62600,29,0,30,30,0,0,21,0,0,0,0,0
1788506941355,62717,62717,62716,62716,0,0,0,0,0,0,43,0,0,0,0,0
1788506942437,62808,62808,62805,62805,22,0,0,0,0,0,25,0,0,0,0,0
1788506943361,62916,62916,62899,62899,0,0,28,28,0,0,35,0,0,0,0,0
1788506944377,63014,62995,62995,62995,0,0,44,44,0,0,14,0,0,0,0,0
1788506945414,63116,63098,63098,63098,18,0,31,31,0,0,5,0,0,0,0,0
1788506946518,63213,63191,63191,63191,0,0,35,34,0,0,50,0,0,35,0,0
1788506947360,63325,63306,63306,63306,0,0,29,29,0,0,26,0,0,0,0,0
1788506948352,63427,63412,63400,63400,0,0,31,31,0,0,12,0,0,0,0,0
1788506949493,63525,63517,63517,63517,0,0,0,0,0,0,39,0,0,0,0,0
1788506950378,63624,63624,63624,63624,27,0,27,27,0,0,0,0,0,0,0,0
1788506951466,63721,63721,63710,63710,28,0,25,25,0,0,13,0,0,0,0,0
1788506952375,63812,63812,63794,63794,0,0,14,14,0,0,0,0,0,0,0,0
1788506953514,63907,63891,63879,63879,0,0,1,1,0,0,35,0,0,0,0,0
1788506954370,64003,63991,63976,63976,0,0,24,24,0,0,41,0,0,0,0,0
1788506955536,64111,64093,64092,64092,0,0,28,28,0,0,18,0,0,0,0,0
1788506956376,64229,64199,64199,64199,0,0,16,15,0,0,16,0,0,0,0,0
1788506957824,64301,64294,64285,64285,98,0,28,28,0,0,109,0,0,0,0,0
1788506958403,64401,64390,64356,64356,0,0,102,102,0,0,97,0,0,0,0,0
1788506959375,64531,64516,64500,64500,15,0,6,6,0,0,38,0,0,0,0,0
1788506960500,64630,64619,64610,64610,0,0,29,29,0,0,33,0,0,0,0,0
1788506961466,64728,64728,64728,64728,0,0,54,54,0,0,39,0,0,0,0,0
1788506962346,64841,64841,64841,64841,0,0,0,0,0,0,29,0,0,0,0,0
1788506963334,64928,64928,64928,64928,27,0,0,0,0,0,26,0,0,0,0,0
1788506964534,65041,65022,65022,65022,0,0,20,19,0,0,48,0,0,0,0,0
1788506965344,65129,65129,65129,65129,0,0,44,44,0,0,0,0,0,0,0,0
1788506966512,65235,65235,65235,65235,16,0,45,44,0,0,17,0,0,0,0,0
1788506967376,65350,65334,65334,65334,0,0,31,31,0,0,40,0,0,0,0,0
1788506968407,65442,65413,65413,65413,0,0,56,56,0,0,15,0,0,0,0,0
1788506969352,65527,65527,65527,65527,0,0,26,26,0,0,0,0,0,15,0,0
1788506970388,65640,65624,65624,65624,16,0,18,18,0,0,16,0,0,0,0,0
1788506971387,65723,65723,65723,65723,21,0,0,0,0,0,26,0,0,0,0,0
1788506972398,65828,65827,65827,65827,0,0,33,33,0,0,1,0,0,0,0,0
1788506973540,65922,65908,65899,65899,33,0,0,5,0,0,80,0,0,0,0,0
1788506974436,66007,65988,65988,65988,0,0,79,79,0,0,56,0,0,0,0,0
1788506975357,66135,66135,66135,66135,35,0,30,30,0,0,0,0,0,0,0,0
1788506976474,66234,66222,66222,66222,0,0,33,33,0,0,0,0,0,0,0,0
1788506977351,66335,66322,66322,66322,0,0,35,35,0,0,22,0,0,0,0,0
1788506978384,66429,66412,66409,66409,17,0,32,32,0,0,17,0,0,0,0,0
1788506979469,66505,66505,66495,66495,0,0,16,15,0,0,10,0,0,0,0,0
1788506980646,66627,66594,66573,66573,0,0,29,29,0,0,52,0,0,0,0,0
1788506981370,66720,66707,66707,66707,0,0,33,33,0,0,31,0,0,0,0,0
1788506982470,66819,66819,66816,66816,0,0,0,0,0,0,0,0,0,0,0,0
1788506983337,66921,66909,66909,66909,0,0,21,21,0,0,38,0,0,0,0,0
1788506984388,67032,67017,67005,67005,0,0,20,20,0,0,20,0,0,0,0,0
1788506985549,67110,67110,67110,67110,36,0,27,27,0,0,40,0,0,29,0,0
1788506986362,67224,67224,67195,67195,0,0,0,0,0,0,62,0,0,0,0,0
1788506987371,67321,67321,67321,67321,0,0,11,11,0,0,40,0,0,0,0,0
1788506988357,67414,67414,67411,67411,0,0,4,4,0,0,0,0,0,32,0,0
1788506989400,67523,67523,67523,67523,0,0,0,0,0,0,28,0,0,0,0,0
1788506990458,67624,67611,67611,67611,0,0,27,27,0,0,31,0,0,28,0,0
1788506991417,67729,67729,67708,67708,33,0,0,0,0,0,22,0,0,0,0,0
1788506992383,67821,67811,67821,67811,33,0,23,23,0,0,0,0,0,0,0,0
1788506993447,67911,67899,67899,67899,0,0,14,14,0,0,12,0,0,0,0,0
1788506994446,68002,68002,68002,68002,29,0,0,3,0,0,24,0,0,0,0,0
1788506995408,68119,68119,68100,68100,0,0,17,17,0,0,0,0,0,0,0,0
1788506996370,68229,68224,68215,68215,0,0,14,14,0,0,33,0,0,0,0,0
1788506997495,68306,68293,68293,68293,58,0,0,0,0,0,44,0,0,0,0,0
1788506998896,68414,68414,68394,68394,0,0,9,9,0,0,20,0,0,0,0,0
1788506999636,68445,68426,68426,68426,0,0,31,31,0,0,41,0,0,4,0,0
1788507000628,68592,68579,68579,68579,0,0,61,61,0,0,89,0,0,0,0,0
1788507001408,68699,68698,68698,68698,0,0,9,8,0,0,2,0,0,18,0,0
1788507002526,68820,68798,68798,68798,0,0,44,44,0,0,5,0,0,0,0,0
1788507003348,68933,68933,68919,68919,0,0,31,31,0,0,27,0,0,0,0,0
1788507004365,69050,69035,69020,69020,17,0,14,14,0,0,30,0,0,0,0,0
1788507005489,69125,69116,69102,69102,0,0,22,22,0,0,69,0,0,69,0,0
1788507006616,69197,69197,69197,69197,0,0,22,22,0,0,89,0,0,0,0,0
1788507007373,69350,69336,69307,69307,0,0,65,65,0,0,29,0,0,0,0,0
1788507008546,69435,69435,69435,69435,11,0,22,22,0,0,14,0,0,1,0,0
1788507009340,69553,69539,69539,69539,0,0,35,35,0,0,9,0,0,0,0,0
1788507010377,69646,69634,69634,69634,0,0,25,25,0,0,12,0,0,0,0,0
1788507011377,69735,69726,69719,69719,9,0,29,29,0,0,21,0,0,25,0,0
1788507012340,69833,69833,69821,69821,0,0,14,14,0,0,24,0,0,0,0,0
1788507013336,69924,69912,69912,69912,12,0,27,27,0,0,39,0,0,0,0,0
1788507014362,70014,70014,70004,70004,28,0,12,12,0,0,0,0,0,0,0,0
1788507015341,70121,70117,70110,70110,4,0,0,0,0,0,6,0,0,26,0,0
1788507016370,70199,70199,70195,70195,29,0,2,2,0,0,26,0,0,0,0,0
1788507017347,70300,70300,70300,70300,51,0,0,0,0,0,0,0,0,19,0,0
1788507018368,70409,70409,70395,70395,0,0,30,30,0,0,41,0,0,0,0,0
1788507019409,70530,70513,70513,70513,0,0,28,28,0,0,17,0,0,19,0,0
1788507020354,70629,70602,70602,70602,0,0,0,0,0,0,58,0,0,0,0,0
1788507021342,70725,70725,70724,70724,28,0,23,23,0,0,0,0,0,6,0,0
1788507022398,70834,70811,70816,70811,0,0,0,0,0,0,4,0,0,1,0,0
1788507023364,70935,70921,70921,70921,0,0,26,26,0,0,25,0,0,0,0,0
1788507024353,71037,71037,71037,71037,0,0,35,35,0,0,7,0,0,0,0,0
1788507025342,71129,71129,71103,71103,0,0,0,0,0,0,59,0,0,0,0,0
1788507026680,71225,71225,71216,71216,39,0,8,8,0,0,38,0,0,29,0,0
1788507027635,71311,71311,71311,71311,0,0,39,39,0,0,19,0,0,0,0,0
1788507028389,71427,71427,71427,71427,42,0,0,0,0,0,36,0,0,0,0,0
1788507029437,71519,71519,71503,71503,0,0,0,0,0,0,40,0,0,0,0,0
1788507030416,71637,71623,71623,71623,0,0,50,50,0,0,14,0,0,0,0,0
1788507031490,71729,71729,71729,71729,0,0,28,28,0,0,28,0,0,13,0,0
1788507032737,71824,71824,71806,71806,9,0,43,43,0,0,87,0,0,0,0,0
1788507033405,71890,71890,71890,71890,17,0,70,70,0,0,51,0,0,0,0,0
1788507034493,72026,72026,72014,72014,0,0,0,0,0,0,80,0,0,0,0,0
1788507035399,72139,72121,72121,72121,0,0,16,15,0,0,0,0,0,0,0,0
1788507036470,72219,72219,72219,72219,28,0,53,53,0,0,13,0,0,0,0,0
1788507037679,72307,72307,72291,72291,42,0,4,15,0,0,41,0,0,11,0,0
1788507038469,72415,72395,72395,72395,31,0,35,35,0,0,20,0,0,0,0,0
1788507040174,72509,72509,72495,72495,0,0,38,37,0,0,121,0,0,0,0,0
1788507041962,72529,72529,72529,72529,2,0,74,74,1,0,173,1,0,0,0,0
1788507042276,72583,72583,72572,72572,0,0,93,93,1,0,235,0,0,0,0,0
1788507042403,72611,72611,72572,72572,0,0,126,126,1,0,173,0,0,0,0,0
1788507043673,72789,72772,72673,72673,0,0,258,257,0,0,389,0,0,95,0,0
1788507044492,72956,72956,72860,72860,33,0,278,277,1,0,230,0,0,0,0,0
1788507045446,73092,73092,73022,73022,0,0,292,291,1,0,141,0,0,0,0,0
1788507046457,73232,73202,73202,73202,17,0,179,179,0,0,65,0,0,0,0,0
1788507047519,73330,73308,73308,73308,34,0,64,82,0,0,37,0,0,0,0,0
1788507048549,73418,73418,73404,73404,27,0,33,33,0,0,42,0,0,17,0,0
1788507049801,73491,73491,73491,73491,0,0,13,12,0,0,118,0,0,0,0,0
1788507050412,73602,73602,73602,73602,19,0,50,50,0,0,52,0,0,0,0,0
1788507051373,73722,73722,73711,73711,0,0,0,0,0,0,45,0,0,0,0,0
1788507052448,73809,73809,73797,73797,0,0,39,39,0,0,46,0,0,0,0,0
1788507053449,73923,73922,73896,73896,0,0,1,1,0,0,22,0,0,5,0,0
1788507054478,74002,74002,74002,74002,0,0,35,34,0,0,28,0,0,11,0,0
1788507055511,74109,74109,74109,74109,0,0,30,30,0,0,2,0,0,0,0,0
1788507056480,74200,74200,74200,74200,46,0,0,0,0,0,0,0,0,0,0,0
1788507057558,74327,74316,74316,74316,0,0,27,27,0,0,0,0,0,0,0,0
1788507058405,74404,74404,74404,74404,0,0,40,39,0,0,29,0,0,0,0,0
1788507059583,74500,74500,74500,74500,0,0,21,21,0,0,42,0,0,0,0,0
1788507060790,74598,74598,74578,74578,0,0,18,17,0,0,3,0,0,0,0,0
1788507061980,74658,74658,74656,74656,128,0,59,59,0,0,90,0,0,95,0,0
1788507062774,74742,74742,74703,74703,0,0,78,78,0,0,111,0,0,0,0,0
1788507063779,74848,74838,74771,74771,119,0,136,136,0,0,165,0,0,0,0,0
1788507064857,74935,74935,74935,74935,10,0,229,228,1,0,61,0,0,79,0,0
1788507065356,75071,75039,74992,74992,0,0,251,251,0,0,112,0,0,0,0,0
1788507066357,75197,75183,75180,75180,0,0,61,60,0,0,3,0,0,0,0,0
1788507067712,75282,75282,75282,75282,0,0,26,26,0,0,21,0,0,18,0,0
1788507068363,75379,75379,75379,75379,19,0,40,40,0,0,41,0,0,0,0,0
1788507069396,75500,75487,75475,75475,0,0,29,29,0,0,10,0,0,0,0,0
1788507070387,75589,75581,75581,75581,8,0,34,34,0,0,8,0,0,0,0,0
1788507071358,75663,75663,75663,75663,21,0,0,0,0,0,27,0,0,0,0,0
1788507072376,75767,75767,75767,75767,28,0,25,25,0,0,0,0,0,0,0,0
1788507073373,75880,75871,75865,75865,0,0,29,29,0,0,42,0,0,0,0,0
1788507074391,75954,75953,75953,75953,16,0,31,31,0,0,43,0,0,0,0,0
1788507075355,76069,76059,76059,76059,41,0,0,0,0,0,10,0,0,17,0,0
1788507076371,76164,76164,76138,76138,0,0,9,9,0,0,0,0,0,2,0,0
1788507077388,76260,76251,76242,76242,0,0,12,12,0,0,14,0,0,0,0,0
1788507078854,76332,76328,76310,76310,5,0,44,44,0,0,116,0,0,0,0,0
1788507079362,76453,76427,76401,76401,7,0,50,50,0,0,92,0,0,0,0,0
1788507080601,76530,76530,76530,76530,0,0,39,39,0,0,8,0,0,0,0,0
1788507081351,76634,76609,76609,76609,26,0,0,0,0,0,52,0,0,0,0,0
1788507082390,76738,76738,76724,76724,0,0,9,9,0,0,23,0,0,26,0,0
1788507083513,76837,76837,76837,76837,19,0,49,49,0,0,7,0,0,0,0,0
1788507084356,76946,76932,76932,76932,0,0,26,26,0,0,20,0,0,0,0,0
1788507085375,77051,77037,77022,77022,0,0,21,21,0,0,46,0,0,0,0,0
1788507086531,77149,77135,77131,77131,0,0,33,33,0,0,94,0,0,0,0,0
1788507087640,77240,77203,77203,77203,44,0,73,73,0,0,65,0,0,0,0,0
1788507088374,77355,77330,77330,77330,25,0,39,39,0,0,25,0,0,12,0,0
1788507089419,77447,77447,77447,77447,0,0,31,31,0,0,27,0,0,0,0,0
1788507090723,77548,77548,77543,77543,0,0,0,0,0,0,26,0,0,6,0,0
1788507091550,77643,77630,77630,77630,2,0,43,43,0,0,1,0,0,45,0,0
1788507092466,77740,77740,77740,77740,0,0,43,43,0,0,54,0,0,0,0,0
1788507093549,77858,77858,77838,77838,0,0,45,45,0,0,45,0,0,0,0,0
1788507094368,77958,77958,77958,77958,0,0,0,0,0,0,36,0,0,37,0,0
1788507095431,78065,78052,78047,78047,26,0,0,0,0,0,43,0,0,0,0,0
1788507096384,78166,78154,78145,78145,0,0,9,9,0,0,20,0,0,1,0,0
1788507097387,78266,78266,78266,78266,29,0,5,5,0,0,31,0,0,0,0,0
1788507098574,78369,78369,78369,78369,0,0,8,8,0,0,32,0,0,0,0,0
1788507099363,78482,78482,78482,78482,0,0,31,31,0,0,28,0,0,0,0,0
1788507100667,78596,78592,78577,78577,0,0,40,40,0,0,4,0,0,0,0,0
1788507101495,78680,78680,78666,78666,0,0,26,25,0,0,62,0,0,0,0,0
1788507102474,78786,78786,78786,78786,0,0,38,38,0,0,22,0,0,0,0,0
1788507103616,78900,78900,78900,78900,0,0,37,37,0,0,62,0,0,0,0,0
1788507104466,79007,79007,79007,79007,0,0,35,35,0,0,34,0,0,0,0,0
1788507105626,79112,79082,79082,79082,0,0,53,53,0,0,18,0,0,0,0,0
1788507106368,79204,79204,79203,79203,31,0,6,6,0,0,28,0,0,0,0,0
1788507107537,79313,79313,79313,79313,18,0,28,28,0,0,26,0,0,0,0,0
1788507108356,79419,79405,79405,79405,23,0,51,51,0,0,14,0,0,0,0,0
1788507109358,79499,79499,79499,79499,27,0,0,0,0,0,24,0,0,0,0,0
1788507110422,79609,79592,79583,79583,17,0,25,24,0,0,19,0,0,29,0,0
1788507111386,79701,79701,79701,79701,0,0,34,34,0,0,36,0,0,0,0,0
1788507112413,79778,79778,79778,79778,30,0,0,0,0,0,64,0,0,0,0,0
1788507113463,79893,79893,79879,79879,0,0,31,31,0,0,60,0,0,0,0,0
1788507114381,79995,79994,79994,79994,0,0,3,3,0,0,27,0,0,0,0,0
1788507115548,80087,80087,80087,80087,0,0,24,24,0,0,37,0,0,0,0,0
1788507116423,80192,80192,80192,80192,25,0,32,32,0,0,0,0,0,0,0,0
1788507117414,80287,80275,80275,80275,33,0,0,0,0,0,37,0,0,0,0,0
1788507118778,80394,80382,80382,80382,0,0,26,25,0,0,35,0,0,0,0,0
1788507119625,80485,80485,80485,80485,0,0,49,48,0,0,32,0,0,11,0,0
1788507120382,80582,80568,80568,80568,14,0,32,32,0,0,14,0,0,0,0,0
1788507121576,80680,80668,80668,80668,0,0,9,9,0,0,40,0,0,0,0,0
1788507122377,80771,80771,80771,80771,28,0,1,1,0,0,40,0,0,0,0,0
1788507123528,80888,80871,80871,80871,45,0,31,31,0,0,31,0,0,0,0,0
1788507124400,80990,80988,80973,80973,0,0,27,27,0,0,45,0,0,0,0,0
1788507125577,81109,81108,81091,81091,0,0,27,26,0,0,1,0,0,0,0,0
1788507126764,81170,81166,81145,81145,0,0,30,30,0,0,50,0,0,16,0,0
1788507127759,81211,81211,81197,81197,0,0,105,104,0,0,210,0,0,0,0,0
1788507128478,81346,81304,81289,81289,0,0,187,187,0,0,107,0,0,0,0,0
1788507129412,81495,81489,81489,81489,0,0,48,48,0,0,63,0,0,0,0,0
1788507130392,81617,81589,81589,81589,28,0,21,21,0,0,14,0,0,0,0,0
1788507131406,81698,81690,81690,81690,0,0,0,0,0,0,31,0,0,0,0,0
1788507132352,81796,81786,81772,81772,0,0,27,27,0,0,42,0,0,0,0,0
1788507133391,81880,81880,81880,81880,5,0,0,0,0,0,0,0,0,38,0,0
1788507134373,81999,81990,81990,81990,0,0,25,25,0,0,29,0,0,0,0,0
1788507135375,82106,82089,82089,82089,7,0,39,39,0,0,44,0,0,0,0,0
1788507136376,82193,82193,82193,82193,47,0,0,0,0,0,13,0,0,0,0,0
1788507137556,82295,82278,82265,82265,11,0,29,29,0,0,18,0,0,7,0,0
1788507138433,82385,82367,82367,82367,0,0,56,56,0,0,33,0,0,0,0,0
1788507139442,82492,82492,82492,82492,0,0,0,0,0,0,21,0,0,0,0,0
1788507140406,82592,82592,82586,82586,0,0,36,36,0,0,55,0,0,0,0,0
1788507141619,82695,82686,82686,82686,45,0,21,21,0,0,9,0,0,0,0,0
1788507142594,82783,82783,82783,82783,6,0,47,47,0,0,0,0,0,0,0,0
1788507143668,82873,82872,82857,82857,13,0,21,21,0,0,58,0,0,0,0,0
1788507144350,82988,82988,82961,82961,0,0,0,0,0,0,39,0,0,0,0,0
1788507145696,83092,83083,83083,83083,0,0,8,8,0,0,28,0,0,28,0,0
1788507146880,83183,83175,83165,83165,1,0,25,25,0,0,95,0,0,0,0,0
1788507147442,83256,83247,83239,83239,0,0,54,54,0,0,95,0,0,0,0,0
1788507148450,83362,83348,83348,83348,0,0,28,28,0,0,0,0,0,0,0,0
1788507149632,83462,83462,83446,83446,0,0,10,9,0,0,54,0,0,19,0,0
1788507150455,83562,83562,83562,83562,0,0,42,41,0,0,27,0,0,0,0,0
1788507151570,83665,83665,83651,83651,0,0,28,28,0,0,12,0,0,0,0,0
1788507152481,83766,83758,83743,83743,8,0,10,10,0,0,82,0,0,0,0,0
1788507153419,83865,83865,83865,83865,32,0,0,0,0,0,0,0,0,0,0,0
1788507154386,83974,83974,83961,83961,0,0,25,24,0,0,0,0,0,31,0,0
1788507155476,84088,84073,84073,84073,0,0,39,39,0,0,40,0,0,0,0,0
1788507156401,84190,84177,84177,84177,0,0,26,26,0,0,22,0,0,28,0,0
1788507157361,84281,84281,84264,84264,0,0,23,23,0,0,42,0,0,0,0,0
1788507158525,84392,84392,84389,84389,38,0,37,41,0,0,15,0,0,0,0,0
1788507159441,84477,84477,84469,84469,0,0,16,16,0,0,4,0,0,0,0,0
1788507160698,84582,84582,84582,84582,0,0,38,38,0,0,22,0,0,0,0,0
1788507161413,84685,84685,84685,84685,15,0,47,47,0,0,15,0,0,0,0,0
1788507162564,84785,84785,84777,84777,30,0,0,0,0,0,43,0,0,29,0,0
1788507163409,84897,84887,84877,84877,0,0,30,30,0,0,38,0,0,0,0,0
1788507164546,84976,84976,84976,84976,0,0,18,17,0,0,51,0,0,0,0,0
1788507165423,85100,85100,85095,85095,66,0,0,0,0,0,17,0,0,0,0,0
1788507166628,85197,85197,85197,85197,0,0,26,26,0,0,5,0,0,0,0,0
1788507167378,85312,85296,85296,85296,0,0,44,44,0,0,17,0,0,0,0,0
1788507168377,85398,85384,85381,85381,0,0,0,0,0,0,28,0,0,0,0,0
1788507169469,85514,85502,85502,85502,0,0,29,29,0,0,17,0,0,0,0,0
1788507170397,85612,85597,85597,85597,15,0,28,28,0,0,34,0,0,0,0,0
1788507171489,85712,85705,85686,85686,0,0,26,26,0,0,49,0,0,0,0,0
1788507172492,85796,85796,85796,85796,23,0,33,33,0,0,51,0,0,28,0,0
1788507173422,85907,85889,85889,85889,18,0,37,37,0,0,40,0,0,0,0,0
1788507174533,85992,85992,85992,85992,0,0,27,26,0,0,36,0,0,0,0,0
1788507175397,86104,86090,86082,86082,14,0,12,12,0,0,51,0,0,0,0,0
1788507176536,86184,86184,86184,86184,53,0,0,0,0,0,22,0,0,0,0,0
1788507177356,86303,86290,86281,86281,0,0,1,1,0,0,44,0,0,0,0,0
1788507178562,86400,86400,86392,86392,26,0,15,15,0,0,47,0,0,0,0,0
1788507179386,86509,86496,86480,86480,0,0,25,25,0,0,48,0,0,0,0,0
1788507180578,86602,86600,86600,86600,0,0,26,25,0,0,44,0,0,0,0,0
1788507181454,86724,86696,86696,86696,0,0,18,18,0,0,36,0,0,0,0,0
1788507182522,86815,86815,86815,86815,28,0,0,0,0,0,27,0,0,27,0,0
1788507183457,86934,86934,86934,86934,1,0,0,0,0,0,21,0,0,0,0,0
1788507184465,87023,87023,87012,87012,0,0,0,0,0,0,26,0,0,0,0,0
1788507185447,87125,87125,87125,87125,0,0,0,0,0,0,0,0,0,20,0,0
1788507186548,87232,87232,87209,87209,0,0,29,29,0,0,0,0,0,0,0,0
1788507187411,87340,87328,87316,87316,12,0,2,2,0,0,33,0,0,0,0,0
1788507188405,87422,87417,87417,87417,11,0,26,26,0,0,42,0,0,0,0,0
1788507189373,87524,87515,87511,87511,0,0,21,21,0,0,25,0,0,0,0,0
1788507190448,87622,87622,87622,87622,0,0,45,45,0,0,0,0,0,0,0,0
1788507191433,87715,87715,87715,87715,0,0,0,0,0,0,22,0,0,0,0,0
1788507192523,87823,87823,87823,87823,0,0,0,0,0,0,0,0,0,0,0,0
1788507193427,87915,87915,87915,87915,0,0,38,38,0,0,0,0,0,0,0,0
1788507194528,88009,88009,87999,87999,0,0,10,10,0,0,47,0,0,0,0,0
1788507195429,88120,88112,88112,88112,0,0,26,26,0,0,8,0,0,0,0,0
1788507196524,88222,88222,88194,88194,0,0,0,0,0,0,23,0,0,0,0,0
1788507197376,88314,88314,88300,88300,0,0,26,26,0,0,0,0,0,2,0,0
1788507198399,88411,88398,88382,88382,13,0,5,5,0,0,42,0,0,0,0,0
1788507199471,88513,88513,88513,88513,0,0,0,0,0,0,44,0,0,0,0,0
1788507200371,88619,88602,88602,88602,0,0,26,26,0,0,46,0,0,0,0,0
1788507201636,88707,88694,88694,88694,0,0,0,0,0,0,22,0,0,22,0,0
1788507202397,88804,88790,88774,88774,0,0,31,31,0,0,18,0,0,31,0,0
1788507203383,88904,88885,88885,88885,0,0,29,28,0,0,32,0,0,21,0,0
1788507204492,89008,88992,88992,88992,16,0,22,22,0,0,44,0,0,28,0,0
1788507205422,89109,89109,89098,89098,21,0,28,28,0,0,0,0,0,0,0,0
1788507206514,89217,89205,89205,89205,12,0,0,0,0,0,42,0,0,0,0,0
1788507207389,89312,89312,89303,89303,0,0,5,5,0,0,44,0,0,29,0,0
1788507208368,89408,89393,89393,89393,0,0,28,28,0,0,42,0,0,0,0,0
1788507209459,89503,89492,89492,89492,0,0,3,3,0,0,40,0,0,11,0,0
1788507210436,89591,89591,89581,89581,29,0,28,28,0,0,42,0,0,0,0,0
1788507211525,89685,89685,89681,89681,0,0,7,7,0,0,40,0,0,0,0,0
1788507212394,89792,89792,89775,89775,0,0,0,0,0,0,51,0,0,30,0,0
1788507213470,89901,89888,89888,89888,0,0,26,26,0,0,13,0,0,27,0,0
1788507214449,89986,89986,89986,89986,0,0,30,30,0,0,45,0,0,0,0,0
1788507215569,90094,90080,90080,90080,0,0,13,13,0,0,66,0,0,0,0,0
1788507216408,90195,90195,90195,90195,0,0,0,0,0,0,29,0,0,3,0,0
1788507217380,90295,90282,90282,90282,13,0,28,28,0,0,40,0,0,0,0,0
1788507218426,90384,90384,90368,90368,0,0,0,0,0,0,48,0,0,0,0,0
1788507219579,90497,90480,90479,90479,17,0,30,30,0,0,17,0,0,0,0,0
1788507220681,90589,90581,90565,90565,8,0,33,33,0,0,18,0,0,0,0,0
1788507221540,90684,90667,90667,90667,0,0,33,32,0,0,52,0,0,0,0,0
1788507222609,90791,90775,90782,90775,0,0,58,57,0,0,35,0,0,0,0,0
1788507223566,90896,90880,90880,90880,0,0,56,56,0,0,77,0,0,0,0,0
1788507224373,91005,90994,90969,90969,22,0,24,24,0,0,44,0,0,0,0,0
1788507225592,91114,91093,91093,91093,0,0,21,21,0,0,61,0,0,0,0,0
1788507226413,91214,91214,91206,91206,18,0,28,28,0,0,56,0,0,0,0,0
1788507227576,91305,91305,91305,91305,0,0,29,29,0,0,18,0,0,0,0,0
1788507228372,91419,91419,91405,91405,0,0,28,28,0,0,29,0,0,0,0,0
1788507229420,91523,91523,91523,91523,0,0,0,0,0,0,48,0,0,0,0,0
1788507230424,91618,91602,91602,91602,14,0,19,25,0,0,37,0,0,0,0,0
1788507231611,91732,91721,91721,91721,0,0,28,28,0,0,0,0,0,0,0,0
1788507232441,91828,91812,91804,91804,0,0,33,33,0,0,43,0,0,0,0,0
1788507233555,91934,91934,91911,91911,0,0,37,37,0,0,0,0,0,0,0,0
1788507234605,92032,92019,92005,92005,0,0,16,16,0,0,63,0,0,0,0,0
1788507235377,92125,92125,92125,92125,0,0,0,0,0,0,37,0,0,8,0,0
1788507236592,92221,92221,92201,92201,32,0,11,10,0,0,58,0,0,0,0,0
1788507237381,92318,92305,92305,92305,0,0,3,3,0,0,51,0,0,15,0,0
1788507238457,92415,92404,92404,92404,0,0,26,26,0,0,16,0,0,23,0,0
1788507239388,92515,92498,92491,92491,0,0,51,51,0,0,0,0,0,0,0,0
1788507240621,92610,92595,92595,92595,0,0,9,9,0,0,31,0,0,0,0,0
1788507241394,92700,92700,92689,92689,0,0,26,26,0,0,38,0,0,0,0,0
1788507242726,92811,92795,92795,92795,4,0,14,14,0,0,10,0,0,0,0,0
1788507243555,92904,92885,92885,92885,0,0,57,57,0,0,54,0,0,35,0,0
1788507244393,92996,92996,92996,92996,0,0,30,30,0,0,28,0,0,0,0,0
1788507245524,93115,93115,93103,93103,0,0,6,6,0,0,0,0,0,0,0,0
1788507246373,93214,93199,93183,93183,15,0,20,20,0,0,36,0,0,0,0,0
1788507247402,93336,93320,93306,93306,0,0,16,16,0,0,30,0,0,0,0,0
1788507248459,93413,93413,93413,93413,0,0,24,24,0,0,38,0,0,0,0,0
1788507249410,93517,93502,93502,93502,0,0,21,21,0,0,0,0,0,0,0,0
1788507250553,93613,93593,93593,93593,0,0,25,25,0,0,40,0,0,0,0,0
1788507251427,93719,93707,93705,93705,12,0,2,1,0,0,38,0,0,0,0,0
1788507252396,93819,93812,93812,93812,33,0,0,0,0,0,34,0,0,0,0,0
1788507253529,93930,93930,93914,93914,14,0,32,32,0,0,0,0,0,0,0,0
1788507254359,94043,94043,94043,94043,0,0,0,0,0,0,38,0,0,0,0,0
1788507255546,94138,94127,94127,94127,0,0,28,28,0,0,43,0,0,0,0,0
1788507256420,94230,94225,94224,94224,0,0,21,21,0,0,28,0,0,0,0,0
1788507257662,94333,94333,94333,94333,0,0,28,28,0,0,0,0,0,0,0,0
1788507258354,94430,94420,94420,94420,0,0,29,29,0,0,35,0,0,0,0,0
1788507259386,94546,94546,94546,94546,29,0,26,26,0,0,0,0,0,0,0,0
1788507260557,94635,94623,94614,94614,25,0,0,0,0,0,27,0,0,0,0,0
1788507261381,94718,94718,94708,94708,0,0,26,26,0,0,37,0,0,0,0,0
1788507262594,94835,94832,94818,94818,31,0,25,24,0,0,70,0,0,0,0,0
1788507263384,94943,94943,94943,94943,0,0,3,3,0,0,31,0,0,0,0,0
1788507264516,95043,95043,95031,95031,0,0,0,0,0,0,50,0,0,5,0,0
1788507265432,95144,95133,95133,95133,0,0,28,28,0,0,0,0,0,33,0,0
1788507266379,95243,95243,95219,95219,0,0,0,0,0,0,55,0,0,0,0,0
1788507267451,95336,95336,95319,95319,46,0,0,0,0,0,27,0,0,0,0,0
1788507268459,95441,95430,95430,95430,0,0,26,26,0,0,30,0,0,3,0,0
1788507269477,95535,95535,95528,95528,0,0,37,36,0,0,17,0,0,0,0,0
1788507270724,95642,95633,95628,95628,0,0,36,36,0,0,21,0,0,9,0,0
1788507271383,95729,95729,95729,95729,30,0,6,6,0,0,34,0,0,0,0,0
1788507272621,95839,95824,95824,95824,24,0,0,0,0,0,55,0,0,0,0,0
1788507273371,95939,95939,95939,95939,40,0,0,0,0,0,3,0,0,0,0,0
1788507274141,96000,96000,96000,96000,0,0,0,0,0,0,0,0,0,0,0,0
