elapsed_seconds,http_accepted,http_failures,match_trades,order_trades,wallet_trades,completed_trades,queue_backlog,queue_read_failures,order_reservation_inbox_backlog,order_inbox_backlog,order_inbox_oldest_age_seconds,order_inbox_terminal_debt,wallet_inbox_backlog,wallet_inbox_oldest_age_seconds,wallet_inbox_terminal_debt,match_inbox_backlog,match_inbox_oldest_age_seconds,match_inbox_terminal_debt
-1.3656,0,0,0,0,0,0,0,0,0,0,0,0,0,0,0,0,0,0
-0.3396,0,0,0,0,0,0,0,0,0,0,0,0,0,0,0,0,0,0
0.6734,134,0,0,0,0,0,13,0,56,56,0,0,10,0,0,49,0,0
1.6454,330,0,131,92,90,90,0,0,94,93,0,0,0,0,0,0,0,0
2.6474,531,0,227,219,193,193,0,0,70,69,0,0,19,0,0,0,0,0
3.6454,731,0,324,324,324,324,43,0,12,12,0,0,0,0,0,22,0,0
4.6454,931,0,422,407,397,397,0,0,39,39,0,0,10,0,0,0,0,0
5.6424,1130,0,493,493,493,493,0,0,0,0,0,0,63,0,0,0,0,0
6.6494,1331,0,634,605,605,605,11,0,43,43,0,0,11,0,0,0,0,0
7.6404,1530,0,730,718,714,714,0,0,28,28,0,0,31,0,0,0,0,0
8.6424,1730,0,844,832,815,815,0,0,21,21,0,0,44,0,0,0,0,0
9.6464,1931,0,944,934,934,934,0,0,49,49,0,0,0,0,0,0,0,0
10.6424,2130,0,1035,1022,1012,1012,0,0,27,27,0,0,10,0,0,0,0,0
11.6424,2330,0,1122,1122,1121,1121,0,0,0,0,0,0,28,0,0,0,0,0
12.6464,2531,0,1237,1216,1216,1216,47,0,0,0,0,0,21,0,0,0,0,0
13.6454,2731,0,1319,1319,1319,1319,25,0,0,0,0,0,27,0,0,0,0,0
14.6544,2933,0,1421,1408,1393,1393,13,0,37,37,0,0,56,0,0,0,0,0
15.6414,3130,0,1526,1510,1510,1510,16,0,27,27,0,0,42,0,0,0,0,0
16.6434,3331,0,1625,1625,1609,1609,0,0,28,28,0,0,19,0,0,0,0,0
17.6484,3532,0,1730,1718,1701,1701,0,0,26,26,0,0,48,0,0,0,0,0
18.6494,3732,0,1828,1817,1817,1817,11,0,20,19,0,0,41,0,0,0,0,0
19.6634,3935,0,1927,1927,1927,1927,31,0,32,32,0,0,0,0,0,13,0,0
20.6494,4132,0,2030,2021,2021,2021,9,0,38,38,0,0,9,0,0,0,0,0
21.6774,4337,0,2120,2120,2120,2120,0,0,31,31,0,0,22,0,0,0,0,0
22.6494,4532,0,2227,2227,2227,2227,22,0,0,0,0,0,29,0,0,22,0,0
23.6494,4732,0,2333,2324,2324,2324,27,0,0,0,0,0,33,0,0,0,0,0
24.6564,4933,0,2431,2421,2421,2421,10,0,14,14,0,0,45,0,0,0,0,0
25.6704,5136,0,2528,2528,2520,2520,0,0,64,63,0,0,8,0,0,0,0,0
26.6544,5333,0,2648,2636,2612,2612,32,0,23,23,0,0,56,0,0,0,0,0
27.6734,5535,0,2743,2728,2727,2727,14,0,65,65,0,0,15,0,0,0,0,0
28.6574,5733,0,2834,2833,2833,2833,1,0,15,15,0,0,1,0,0,0,0,0
29.6494,5932,0,2948,2936,2917,2917,0,0,28,28,0,0,46,0,0,0,0,0
30.6594,6134,0,3041,3025,3025,3025,0,0,43,43,0,0,0,0,0,0,0,0
31.6524,6331,0,3124,3103,3100,3100,21,0,21,20,0,0,46,0,0,0,0,0
32.7174,6545,0,3205,3192,3191,3191,0,0,78,78,0,0,5,0,0,1,0,0
33.6494,6732,0,3317,3317,3317,3317,0,0,32,32,0,0,19,0,0,0,0,0
34.6464,6931,0,3406,3393,3393,3393,13,0,0,0,0,0,37,0,0,26,0,0
35.6464,7131,0,3511,3511,3505,3505,0,0,27,27,0,0,0,0,0,27,0,0
36.6694,7336,0,3600,3599,3599,3599,79,0,0,0,0,0,32,0,0,0,0,0
37.6574,7533,0,3709,3706,3706,3706,3,0,44,44,0,0,3,0,0,6,0,0
38.6464,7731,0,3812,3799,3789,3789,0,0,28,28,0,0,37,0,0,0,0,0
39.6464,7931,0,3918,3896,3896,3896,22,0,37,37,0,0,30,0,0,0,0,0
40.6534,8133,0,4001,4001,3991,3991,0,0,27,27,0,0,42,0,0,0,0,0
41.6444,8331,0,4117,4117,4112,4112,0,0,0,0,0,0,34,0,0,0,0,0
42.6464,8531,0,4213,4201,4201,4201,2,0,27,27,0,0,38,0,0,0,0,0
43.6464,8731,0,4310,4310,4293,4293,0,0,0,0,0,0,39,0,0,0,0,0
44.6524,8932,0,4419,4403,4403,4403,43,0,26,26,0,0,16,0,0,27,0,0
45.6474,9132,0,4514,4514,4514,4514,22,0,0,0,0,0,25,0,0,22,0,0
46.6534,9333,0,4620,4620,4608,4608,0,0,19,19,0,0,13,0,0,0,0,0
47.6454,9531,0,4731,4723,4718,4718,1,0,0,0,0,0,32,0,0,0,0,0
48.6454,9731,0,4832,4832,4816,4816,0,0,28,28,0,0,43,0,0,0,0,0
49.6544,9933,0,4936,4936,4936,4936,21,0,0,0,0,0,39,0,0,0,0,0
50.6454,10131,0,5025,5025,5025,5025,26,0,30,30,0,0,0,0,0,26,0,0
51.6464,10331,0,5119,5104,5104,5104,15,0,25,25,0,0,40,0,0,0,0,0
52.6464,10531,0,5231,5215,5215,5215,0,0,27,27,0,0,3,0,0,0,0,0
53.6654,10735,0,5321,5307,5307,5307,0,0,30,30,0,0,28,0,0,0,0,0
54.6534,10933,0,5421,5421,5421,5421,11,0,0,0,0,0,31,0,0,4,0,0
55.6494,11132,0,5527,5512,5509,5509,15,0,26,26,0,0,47,0,0,0,0,0
56.6474,11331,0,5618,5618,5618,5618,0,0,0,0,0,0,25,0,0,0,0,0
57.6514,11532,0,5728,5724,5711,5711,0,0,0,0,0,0,33,0,0,0,0,0
58.6494,11732,0,5822,5822,5815,5815,0,0,15,15,0,0,29,0,0,0,0,0
59.6494,11932,0,5921,5921,5911,5911,0,0,0,0,0,0,32,0,0,0,0,0
60.6464,12131,0,6026,6011,6011,6011,0,0,28,28,0,0,42,0,0,0,0,0
61.6454,12331,0,6132,6101,6101,6101,0,0,14,14,0,0,0,0,0,0,0,0
62.6504,12532,0,6217,6215,6208,6208,0,0,27,27,0,0,37,0,0,0,0,0
63.6514,12732,0,6302,6302,6302,6302,0,0,0,0,0,0,49,0,0,0,0,0
64.6504,12932,0,6424,6412,6412,6412,12,0,0,0,0,0,44,0,0,0,0,0
65.6544,13133,0,6556,6538,6538,6538,0,0,31,31,0,0,0,0,0,0,0,0
66.6624,13334,0,6643,6630,6630,6630,15,0,29,29,0,0,49,0,0,0,0,0
67.6724,13535,0,6734,6734,6734,6734,27,0,14,14,0,0,7,0,0,5,0,0
68.6494,13732,0,6841,6841,6841,6841,0,0,0,0,0,0,27,0,0,0,0,0
69.6474,13931,0,6950,6936,6936,6936,0,0,27,27,0,0,27,0,0,0,0,0
70.6524,14132,0,7040,7033,7033,7033,7,0,0,0,0,0,38,0,0,0,0,0
71.6544,14333,0,7153,7119,7119,7119,34,0,62,62,0,0,34,0,0,0,0,0
72.6494,14532,0,7252,7235,7220,7220,0,0,32,32,0,0,15,0,0,0,0,0
73.7864,14759,0,7347,7333,7333,7333,0,0,25,24,0,0,20,0,0,0,0,0
74.6564,14933,0,7445,7423,7423,7423,22,0,41,41,0,0,40,0,0,0,0,0
75.6594,15134,0,7533,7533,7522,7522,0,0,16,15,0,0,6,0,0,0,0,0
76.6594,15334,0,7642,7631,7636,7631,11,0,0,0,0,0,26,0,0,0,0,0
77.6494,15532,0,7740,7729,7729,7729,27,0,6,6,0,0,0,0,0,4,0,0
78.7274,15747,0,7803,7803,7763,7763,0,0,73,73,0,0,115,0,0,0,0,0
79.6584,15934,0,7915,7900,7900,7900,15,0,21,21,0,0,37,0,0,0,0,0
80.6604,16134,0,8021,8003,8003,8003,18,0,44,44,0,0,26,0,0,0,0,0
81.6554,16333,0,8126,8107,8102,8102,3,0,47,47,0,0,5,0,0,0,0,0
82.6524,16533,0,8220,8191,8191,8191,29,0,0,0,0,0,59,0,0,0,0,0
83.7274,16741,0,8298,8282,8269,8269,0,0,10,9,0,0,29,0,0,0,0,0
84.6494,16932,0,8405,8405,8395,8395,0,0,27,27,0,0,38,0,0,0,0,0
85.6524,17132,0,8510,8500,8488,8488,0,0,10,10,0,0,33,0,0,0,0,0
86.6934,17341,0,8607,8593,8577,8577,14,0,64,64,0,0,30,0,0,0,0,0
87.6494,17532,0,8693,8693,8693,8693,0,0,7,7,0,0,35,0,0,0,0,0
88.7014,17742,0,8788,8772,8773,8772,62,0,33,33,0,0,63,0,0,0,0,0
89.6534,17933,0,8895,8895,8882,8882,0,0,7,6,0,0,3,0,0,4,0,0
90.6884,18139,0,8997,8997,8997,8997,27,0,42,43,0,0,22,0,0,5,0,0
91.6634,18335,0,9120,9107,9089,9089,0,0,29,29,0,0,19,0,0,0,0,0
92.6674,18535,0,9212,9189,9189,9189,23,0,34,34,0,0,44,0,0,0,0,0
93.6564,18733,0,9310,9310,9306,9306,0,0,12,12,0,0,0,0,0,21,0,0
94.6674,18935,0,9427,9410,9396,9396,0,0,30,30,0,0,14,0,0,0,0,0
95.6544,19133,0,9516,9501,9501,9501,15,0,29,29,0,0,43,0,0,0,0,0
96.6774,19337,0,9618,9601,9601,9601,0,0,20,20,0,0,17,0,0,0,0,0
97.6514,19532,0,9719,9703,9690,9690,0,0,26,26,0,0,41,0,0,0,0,0
98.6524,19733,0,9823,9809,9809,9809,14,0,21,21,0,0,17,0,0,27,0,0
99.6674,19936,0,9915,9915,9915,9915,21,0,0,0,0,0,32,0,0,7,0,0
100.6544,20133,0,10026,10026,10009,10009,0,0,31,31,0,0,51,0,0,0,0,0
101.6994,20342,0,10101,10095,10064,10064,0,0,78,77,0,0,31,0,0,0,0,0
102.7294,20548,0,10182,10182,10177,10177,40,0,0,0,0,0,47,0,0,0,0,0
103.6554,20733,0,10320,10302,10302,10302,44,0,33,33,0,0,17,0,0,7,0,0
104.6904,20940,0,10410,10410,10410,10410,41,0,0,0,0,0,30,0,0,9,0,0
105.7044,21142,0,10514,10514,10480,10480,19,0,42,41,0,0,34,0,0,32,0,0
106.6634,21335,0,10639,10626,10609,10609,0,0,49,49,0,0,17,0,0,0,0,0
107.6784,21537,0,10727,10727,10718,10718,25,0,0,0,0,0,28,0,0,31,0,0
108.6914,21740,0,10831,10814,10814,10814,0,0,57,57,0,0,18,0,0,0,0,0
109.6594,21934,0,10918,10918,10916,10916,34,0,10,10,0,0,0,0,0,0,0,0
110.6784,22138,0,11027,11027,11027,11027,32,0,0,0,0,0,21,0,0,0,0,0
111.6604,22334,0,11140,11124,11124,11124,3,0,43,42,0,0,4,0,0,0,0,0
112.6604,22534,0,11248,11220,11210,11210,0,0,54,54,0,0,32,0,0,0,0,0
113.6574,22733,0,11339,11328,11328,11328,11,0,20,20,0,0,39,0,0,0,0,0
114.6524,22933,0,11437,11437,11437,11437,0,0,0,0,0,0,34,0,0,0,0,0
115.6664,23135,0,11548,11548,11534,11534,0,0,9,9,0,0,43,0,0,0,0,0
116.6574,23333,0,11638,11627,11615,11615,0,0,8,8,0,0,25,0,0,0,0,0
117.6674,23536,0,11732,11730,11713,11713,30,0,30,30,0,0,19,0,0,0,0,0
118.6534,23733,0,11822,11822,11811,11811,0,0,26,26,0,0,41,0,0,0,0,0
119.6554,23933,0,11920,11914,11914,11914,39,0,1,1,0,0,0,0,0,21,0,0
120.6614,24134,0,12045,12031,12027,12027,0,0,29,29,0,0,18,0,0,0,0,0
121.6514,24332,0,12143,12130,12115,12115,0,0,30,30,0,0,42,0,0,0,0,0
122.6604,24534,0,12241,12226,12226,12226,0,0,29,29,0,0,29,0,0,0,0,0
123.6564,24733,0,12334,12334,12334,12334,26,0,28,28,0,0,0,0,0,0,0,0
124.6584,24933,0,12426,12426,12417,12417,0,0,0,0,0,0,31,0,0,0,0,0
125.6784,25138,0,12532,12525,12519,12519,0,0,0,0,0,0,45,0,0,0,0,0
126.7064,25343,0,12623,12621,12621,12621,2,0,27,27,0,0,1,0,0,0,0,0
127.6624,25534,0,12737,12719,12719,12719,33,0,32,33,0,0,21,0,0,0,0,0
128.7344,25749,0,12792,12778,12778,12778,0,0,75,75,0,0,34,0,0,0,0,0
129.6644,25935,0,12922,12885,12885,12885,39,0,52,52,0,0,25,0,0,0,0,0
130.6574,26133,0,13006,13006,13006,13006,26,0,11,11,0,0,0,0,0,26,0,0
131.8564,26372,0,13099,13097,13093,13093,4,0,0,0,0,0,52,0,0,0,0,0
132.6604,26534,0,13203,13186,13171,13171,0,0,7,7,0,0,5,0,0,0,0,0
133.6614,26734,0,13287,13287,13273,13273,0,0,22,22,0,0,22,0,0,0,0,0
134.6704,26936,0,13388,13388,13377,13377,0,0,17,17,0,0,13,0,0,0,0,0
135.6634,27135,0,13506,13480,13480,13480,13,0,10,10,0,0,18,0,0,0,0,0
136.6624,27334,0,13600,13579,13579,13579,0,0,27,27,0,0,0,0,0,28,0,0
137.6944,27541,0,13698,13698,13698,13698,0,0,0,0,0,0,22,0,0,14,0,0
138.6574,27733,0,13810,13795,13781,13781,0,0,36,36,0,0,40,0,0,0,0,0
139.8554,27973,0,13900,13900,13900,13900,13,0,29,29,0,0,33,0,0,0,0,0
140.6574,28133,0,14023,14007,14007,14007,37,0,0,0,0,0,43,0,0,0,0,0
141.6664,28335,0,14120,14104,14104,14104,0,0,41,41,0,0,0,0,0,0,0,0
142.6734,28537,0,14220,14219,14211,14211,0,0,34,34,0,0,26,0,0,0,0,0
143.6644,28735,0,14310,14310,14310,14310,41,0,53,53,0,0,0,0,0,21,0,0
144.6594,28934,0,14410,14410,14401,14401,0,0,28,28,0,0,0,0,0,27,0,0
145.6754,29137,0,14502,14487,14484,14484,0,0,26,26,0,0,22,0,0,0,0,0
146.6644,29335,0,14610,14596,14596,14596,0,0,61,61,0,0,11,0,0,0,0,0
147.6684,29536,0,14682,14682,14682,14682,36,0,0,0,0,0,21,0,0,4,0,0
148.6884,29740,0,14773,14759,14759,14759,0,0,27,27,0,0,0,0,0,38,0,0
149.7484,29952,0,14867,14867,14867,14867,0,0,0,0,0,0,62,0,0,0,0,0
150.6614,30134,0,14976,14969,14960,14960,0,0,29,29,0,0,46,0,0,0,0,0
151.6604,30334,0,15059,15045,15035,15035,0,0,26,26,0,0,38,0,0,0,0,0
152.6584,30534,0,15164,15164,15164,15164,0,0,0,0,0,0,27,0,0,0,0,0
153.6554,30733,0,15264,15253,15240,15240,0,0,26,26,0,0,42,0,0,0,0,0
154.6564,30933,0,15364,15364,15364,15364,0,0,0,0,0,0,26,0,0,0,0,0
155.6604,31134,0,15474,15474,15464,15464,0,0,27,27,0,0,36,0,0,0,0,0
156.7594,31354,0,15571,15571,15562,15562,0,0,10,10,0,0,0,0,0,15,0,0
157.6654,31535,0,15695,15655,15655,15655,40,0,0,0,0,0,71,0,0,0,0,0
158.6714,31736,0,15779,15779,15779,15779,0,0,27,27,0,0,33,0,0,0,0,0
159.6654,31934,0,15884,15884,15884,15884,0,0,0,0,0,0,29,0,0,0,0,0
160.6614,32133,0,15968,15968,15968,15968,0,0,27,27,0,0,27,0,0,0,0,0
161.6674,32334,0,16104,16087,16087,16087,26,0,0,0,0,0,0,0,0,0,0,0
162.6684,32534,0,16201,16184,16184,16184,54,0,11,11,0,0,17,0,0,0,0,0
163.6744,32735,0,16292,16292,16277,16277,0,0,28,28,0,0,2,0,0,25,0,0
164.7284,32946,0,16382,16382,16382,16382,0,0,39,38,0,0,7,0,0,0,0,0
165.6764,33135,0,16489,16489,16483,16483,0,0,28,28,0,0,0,0,0,0,0,0
166.7214,33344,0,16607,16607,16588,16588,0,0,0,0,0,0,59,0,0,0,0,0
167.6794,33535,0,16705,16705,16699,16699,0,0,27,27,0,0,13,0,0,0,0,0
168.6754,33734,0,16796,16787,16785,16785,0,0,16,16,0,0,39,0,0,0,0,0
169.7084,33941,0,16909,16895,16879,16879,0,0,36,35,0,0,16,0,0,0,0,0
170.6764,34134,0,16994,16994,16994,16994,23,0,0,0,0,0,28,0,0,23,0,0
171.6834,34335,0,17099,17084,17084,17084,15,0,29,29,0,0,46,0,0,0,0,0
172.7994,34558,0,17187,17187,17187,17187,0,0,21,21,0,0,30,0,0,0,0,0
173.7044,34739,0,17298,17298,17272,17272,0,0,20,20,0,0,73,0,0,0,0,0
174.7224,34943,0,17389,17389,17389,17389,55,0,0,0,0,0,23,0,0,0,0,0
175.7114,35140,0,17513,17495,17495,17495,18,0,33,33,0,0,39,0,0,0,0,0
176.6884,35336,0,17606,17591,17591,17591,43,0,2,2,0,0,44,0,0,0,0,0
177.7164,35541,0,17707,17692,17692,17692,0,0,28,27,0,0,21,0,0,0,0,0
178.6794,35734,0,17811,17802,17802,17802,9,0,33,32,0,0,9,0,0,0,0,0
179.6844,35935,0,17894,17880,17880,17880,0,0,23,23,0,0,27,0,0,0,0,0
180.6854,36135,0,17996,17982,17982,17982,8,0,34,34,0,0,14,0,0,0,0,0
181.6804,36334,0,18082,18082,18066,18066,0,0,31,31,0,0,37,0,0,0,0,0
182.6914,36536,0,18181,18166,18166,18166,0,0,26,26,0,0,41,0,0,0,0,0
183.6864,36735,0,18279,18263,18261,18261,0,0,29,29,0,0,23,0,0,0,0,0
184.6904,36935,0,18393,18386,18373,18373,0,0,30,30,0,0,44,0,0,0,0,0
185.6994,37137,0,18487,18476,18476,18476,11,0,29,29,0,0,36,0,0,0,0,0
186.6944,37336,0,18576,18576,18563,18563,0,0,21,21,0,0,43,0,0,0,0,0
187.6974,37537,0,18697,18683,18683,18683,24,0,22,22,0,0,31,0,0,0,0,0
188.6924,37736,0,18797,18797,18788,18788,0,0,3,3,0,0,40,0,0,0,0,0
189.6924,37936,0,18909,18893,18882,18882,0,0,11,10,0,0,11,0,0,0,0,0
190.6934,38136,0,18996,18987,18977,18977,9,0,26,26,0,0,30,0,0,0,0,0
191.8184,38359,0,19069,19047,19047,19047,0,0,55,55,0,0,0,0,0,3,0,0
192.6984,38537,0,19192,19157,19157,19157,0,0,54,54,0,0,0,0,0,0,0,0
193.7434,38745,0,19280,19267,19256,19256,3,0,31,31,0,0,4,0,0,26,0,0
194.6894,38935,0,19379,19379,19369,19369,0,0,0,0,0,0,43,0,0,0,0,0
196.0444,39206,0,19466,19457,19449,19449,0,0,34,34,0,0,119,0,0,0,0,0
196.6884,39335,0,19570,19545,19545,19545,25,0,62,62,0,0,60,0,0,0,0,0
197.6904,39535,0,19684,19684,19670,19670,0,0,24,24,0,0,35,0,0,0,0,0
198.7114,39739,0,19770,19762,19753,19753,0,0,0,0,0,0,37,0,0,0,0,0
199.6904,39935,0,19869,19857,19857,19857,0,0,24,24,0,0,31,0,0,0,0,0
200.6884,40134,0,19969,19969,19964,19964,0,0,0,0,0,0,27,0,0,0,0,0
201.6904,40335,0,20060,20046,20046,20046,41,0,17,16,0,0,14,0,0,8,0,0
202.6894,40535,0,20163,20156,20156,20156,23,0,29,36,0,0,0,0,0,0,0,0
203.6914,40735,0,20251,20237,20237,20237,14,0,27,27,0,0,40,0,0,0,0,0
204.7164,40940,0,20336,20326,20319,20319,0,0,35,35,0,0,32,0,0,0,0,0
205.6884,41134,0,20441,20431,20431,20431,0,0,29,29,0,0,35,0,0,0,0,0
206.7004,41337,0,20539,20533,20524,20524,0,0,33,33,0,0,30,0,0,0,0,0
207.6964,41536,0,20660,20643,20627,20627,0,0,27,27,0,0,43,0,0,0,0,0
208.6894,41735,0,20751,20740,20740,20740,11,0,18,18,0,0,37,0,0,0,0,0
209.6854,41934,0,20860,20846,20846,20846,0,0,25,25,0,0,26,0,0,0,0,0
210.6924,42135,0,20952,20942,20942,20942,10,0,11,11,0,0,12,0,0,28,0,0
211.6914,42335,0,21073,21073,21061,21061,0,0,0,0,0,0,26,0,0,0,0,0
212.6924,42535,0,21151,21139,21139,21139,37,0,0,0,0,0,38,0,0,0,0,0
213.7134,42739,0,21263,21263,21252,21252,0,0,27,27,0,0,38,0,0,0,0,0
214.6904,42935,0,21369,21359,21352,21352,0,0,20,20,0,0,44,0,0,0,0,0
215.7114,43139,0,21482,21467,21467,21467,0,0,27,27,0,0,41,0,0,0,0,0
216.6964,43336,0,21597,21582,21569,21569,0,0,27,27,0,0,39,0,0,0,0,0
217.6884,43534,0,21674,21664,21655,21655,10,0,28,28,0,0,45,0,0,0,0,0
218.6904,43735,0,21779,21779,21779,21779,0,0,0,0,0,0,30,0,0,0,0,0
219.6934,43935,0,21874,21858,21858,21858,28,0,28,27,0,0,22,0,0,24,0,0
220.7024,44137,0,21976,21976,21960,21960,24,0,0,0,0,0,28,0,0,21,0,0
221.7064,44338,0,22080,22080,22080,22080,0,0,27,27,0,0,0,0,0,17,0,0
222.6914,44535,0,22188,22188,22188,22188,30,0,0,0,0,0,22,0,0,0,0,0
223.6914,44735,0,22302,22302,22290,22290,0,0,25,25,0,0,8,0,0,0,0,0
224.6904,44935,0,22396,22396,22396,22396,46,0,0,0,0,0,0,0,0,46,0,0
225.7224,45141,0,22514,22514,22493,22493,0,0,33,33,0,0,11,0,0,0,0,0
226.7254,45342,0,22615,22615,22607,22607,0,0,0,0,0,0,45,0,0,30,0,0
227.6904,45535,0,22730,22719,22719,22719,11,0,28,28,0,0,38,0,0,0,0,0
228.6914,45735,0,22812,22811,22800,22800,0,0,21,21,0,0,37,0,0,0,0,0
229.7024,45937,0,22928,22911,22897,22897,0,0,0,0,0,0,42,0,0,0,0,0
230.7054,46138,0,23015,23004,23004,23004,0,0,16,15,0,0,28,0,0,0,0,0
231.6944,46335,0,23117,23105,23105,23105,0,0,27,27,0,0,28,0,0,0,0,0
232.6934,46535,0,23220,23202,23202,23202,18,0,27,27,0,0,46,0,0,0,0,0
233.7354,46743,0,23317,23306,23306,23306,0,0,29,29,0,0,21,0,0,0,0,0
234.7014,46937,0,23408,23397,23397,23397,22,0,11,11,0,0,35,0,0,0,0,0
235.6974,47136,0,23523,23509,23509,23509,0,0,28,28,0,0,27,0,0,0,0,0
236.6994,47336,0,23616,23606,23606,23606,0,0,22,22,0,0,33,0,0,0,0,0
237.7004,47537,0,23716,23701,23701,23701,0,0,27,27,0,0,27,0,0,0,0,0
238.6974,47736,0,23806,23791,23791,23791,0,0,25,25,0,0,21,0,0,0,0,0
239.6934,47935,0,23914,23903,23903,23903,0,0,13,13,0,0,11,0,0,0,0,0
240.6944,48135,0,24000,24000,23983,23983,0,0,16,16,0,0,39,0,0,0,0,0
241.6974,48336,0,24099,24085,24073,24073,14,0,13,13,0,0,44,0,0,0,0,0
242.7044,48537,0,24197,24179,24179,24179,0,0,23,23,0,0,4,0,0,2,0,0
243.6964,48736,0,24296,24279,24279,24279,17,0,28,28,0,0,44,0,0,0,0,0
244.6994,48936,0,24403,24391,24365,24365,0,0,18,18,0,0,61,0,0,0,0,0
245.7184,49140,0,24493,24493,24493,24493,35,0,0,0,0,0,21,0,0,0,0,0
246.7094,49338,0,24607,24603,24603,24603,0,0,0,0,0,0,40,0,0,0,0,0
247.7044,49537,0,24728,24726,24695,24695,0,0,25,25,0,0,31,0,0,0,0,0
248.7644,49749,0,24819,24804,24804,24804,15,0,27,27,0,0,41,0,0,0,0,0
249.7024,49937,0,24924,24910,24910,24910,0,0,27,27,0,0,20,0,0,0,0,0
250.7114,50139,0,25024,25009,25002,25002,0,0,27,27,0,0,34,0,0,0,0,0
251.7034,50337,0,25124,25114,25114,25114,0,0,21,21,0,0,37,0,0,0,0,0
252.6944,50535,0,25235,25235,25224,25224,0,0,0,0,0,0,30,0,0,0,0,0
253.7384,50744,0,25339,25317,25317,25317,22,0,42,42,0,0,47,0,0,0,0,0
254.7064,50938,0,25450,25432,25430,25430,0,0,44,44,0,0,2,0,0,0,0,0
255.6944,51135,0,25543,25529,25529,25529,0,0,38,37,0,0,8,0,0,0,0,0
256.9064,51377,0,25630,25618,25614,25614,0,0,25,25,0,0,14,0,0,4,0,0
257.6964,51536,0,25737,25722,25722,25722,15,0,31,30,0,0,15,0,0,0,0,0
258.7064,51738,0,25840,25826,25813,25813,0,0,30,30,0,0,41,0,0,0,0,0
259.7004,51937,0,25933,25921,25907,25907,0,0,27,27,0,0,26,0,0,0,0,0
260.6964,52136,0,26037,26037,26037,26037,0,0,0,0,0,0,40,0,0,0,0,0
261.6944,52335,0,26141,26141,26128,26128,0,0,26,26,0,0,35,0,0,0,0,0
262.7044,52537,0,26236,26222,26224,26222,21,0,0,0,0,0,38,0,0,0,0,0
263.7154,52739,0,26340,26340,26324,26324,0,0,28,28,0,0,21,0,0,21,0,0
264.7034,52937,0,26427,26427,26427,26427,31,0,0,0,0,0,21,0,0,0,0,0
265.7584,53148,0,26538,26526,26523,26523,0,0,28,28,0,0,35,0,0,0,0,0
266.6994,53336,0,26630,26630,26612,26612,0,0,14,13,0,0,1,0,0,21,0,0
267.7504,53547,0,26732,26729,26724,26724,0,0,9,9,0,0,30,0,0,5,0,0
268.6964,53736,0,26837,26834,26834,26834,0,0,0,0,0,0,48,0,0,0,0,0
269.6944,53935,0,26934,26922,26922,26922,12,0,26,26,0,0,42,0,0,0,0,0
270.6954,54136,0,27025,27025,27025,27025,0,0,0,0,0,0,0,0,0,42,0,0
271.7254,54341,0,27139,27124,27124,27124,15,0,0,0,0,0,42,0,0,0,0,0
272.6904,54534,0,27247,27230,27230,27230,0,0,28,28,0,0,27,0,0,0,0,0
273.7384,54744,0,27329,27329,27329,27329,55,0,0,0,0,0,39,0,0,0,0,0
274.6954,54935,0,27436,27417,27417,27417,19,0,0,0,0,0,49,0,0,0,0,0
275.6974,55136,0,27529,27529,27519,27519,0,0,1,1,0,0,28,0,0,23,0,0
276.6974,55336,0,27634,27621,27621,27621,44,0,0,0,0,0,13,0,0,0,0,0
277.7734,55551,0,27743,27727,27727,27727,0,0,28,28,0,0,14,0,0,12,0,0
278.6924,55735,0,27835,27827,27827,27827,8,0,17,17,0,0,35,0,0,0,0,0
279.6904,55935,0,27941,27941,27927,27927,0,0,27,27,0,0,42,0,0,0,0,0
280.6994,56136,0,28032,28032,28003,28003,0,0,0,0,0,0,39,0,0,0,0,0
281.7184,56340,0,28148,28131,28130,28130,0,0,0,0,0,0,30,0,0,0,0,0
282.6984,56536,0,28236,28236,28228,28228,0,0,22,22,0,0,18,0,0,0,0,0
283.7074,56738,0,28341,28328,28324,28324,13,0,25,25,0,0,21,0,0,6,0,0
284.7324,56943,0,28446,28426,28426,28426,0,0,34,34,0,0,44,0,0,0,0,0
285.6974,57136,0,28535,28535,28535,28535,0,0,0,0,0,0,33,0,0,0,0,0
286.7114,57339,0,28640,28627,28627,28627,0,0,19,19,0,0,0,0,0,0,0,0
287.7504,57547,0,28740,28728,28714,28714,12,0,0,0,0,0,12,0,0,30,0,0
288.6994,57736,0,28830,28830,28821,28821,0,0,0,0,0,0,39,0,0,0,0,0
289.6984,57936,0,28925,28913,28899,28899,0,0,26,26,0,0,52,0,0,0,0,0
290.7134,58139,0,29026,29026,29019,29019,0,0,15,15,0,0,21,0,0,0,0,0
291.6944,58335,0,29111,29102,29086,29086,0,0,27,27,0,0,42,0,0,0,0,0
292.7124,58539,0,29211,29207,29201,29201,0,0,6,5,0,0,27,0,0,0,0,0
293.7984,58756,0,29318,29302,29288,29288,0,0,28,28,0,0,57,0,0,0,0,0
294.7014,58937,0,29427,29408,29408,29408,0,0,15,15,0,0,19,0,0,0,0,0
295.7124,59139,0,29522,29509,29499,29499,0,0,26,26,0,0,47,0,0,0,0,0
296.7044,59337,0,29634,29626,29626,29626,18,0,27,27,0,0,36,0,0,0,0,0
297.7044,59537,0,29730,29728,29715,29715,26,0,1,1,0,0,46,0,0,0,0,0
298.7204,59741,0,29816,29816,29816,29816,56,0,0,0,0,0,15,0,0,0,0,0
299.7054,59938,0,29928,29928,29926,29926,28,0,23,23,0,0,2,0,0,28,0,0
300.7044,60137,0,30030,30030,30030,30030,28,0,0,0,0,0,24,0,0,28,0,0
301.7354,60343,0,30139,30127,30119,30119,12,0,27,27,0,0,15,0,0,0,0,0
302.6984,60536,0,30225,30225,30215,30215,0,0,0,0,0,0,41,0,0,0,0,0
303.7084,60738,0,30335,30319,30319,30319,0,0,26,26,0,0,41,0,0,0,0,0
304.7754,60951,0,30412,30412,30399,30399,34,0,34,37,0,0,13,0,0,0,0,0
305.7484,61145,0,30519,30495,30493,30493,0,0,56,56,0,0,26,0,0,0,0,0
306.7414,61344,0,30634,30620,30620,30620,0,0,29,29,0,0,28,0,0,0,0,0
307.7054,61537,0,30739,30727,30727,30727,12,0,27,27,0,0,38,0,0,0,0,0
308.7074,61738,0,30836,30836,30822,30822,0,0,0,0,0,0,45,0,0,0,0,0
309.7324,61943,0,30941,30932,30932,30932,9,0,26,26,0,0,35,0,0,0,0,0
310.7234,62141,0,31041,31038,31028,31028,0,0,26,26,0,0,39,0,0,0,0,0
311.7164,62340,0,31152,31136,31123,31123,0,0,27,27,0,0,13,0,0,0,0,0
312.7124,62539,0,31235,31220,31220,31220,15,0,27,27,0,0,43,0,0,0,0,0
313.7544,62747,0,31351,31328,31328,31328,0,0,24,24,0,0,23,0,0,0,0,0
314.7144,62939,0,31422,31422,31422,31422,26,0,0,0,0,0,21,0,0,7,0,0
315.7094,63138,0,31527,31527,31525,31525,0,0,28,28,0,0,1,0,0,28,0,0
316.7304,63343,0,31625,31608,31608,31608,43,0,27,27,0,0,17,0,0,0,0,0
317.7394,63544,0,31714,31714,31714,31714,32,0,0,0,0,0,21,0,0,0,0,0
318.7274,63742,0,31820,31806,31806,31806,0,0,31,31,0,0,14,0,0,22,0,0
319.7284,63942,0,31923,31923,31915,31915,29,0,28,28,0,0,0,0,0,0,0,0
320.7534,64147,0,32025,32014,32014,32014,12,0,40,42,0,0,11,0,0,0,0,0
321.6954,64335,0,32127,32119,32119,32119,0,0,28,28,0,0,0,0,0,0,0,0
322.7344,64543,0,32230,32218,32218,32218,41,0,27,27,0,0,12,0,0,0,0,0
323.7514,64747,0,32328,32328,32314,32314,0,0,0,0,0,0,27,0,0,28,0,0
324.7094,64938,0,32436,32424,32422,32422,0,0,27,27,0,0,31,0,0,0,0,0
325.7264,65141,0,32527,32510,32510,32510,17,0,30,30,0,0,21,0,0,0,0,0
326.7214,65341,0,32634,32627,32611,32611,0,0,19,19,0,0,16,0,0,0,0,0
327.7204,65540,0,32717,32705,32697,32697,0,0,27,27,0,0,48,0,0,0,0,0
328.7004,65736,0,32822,32819,32810,32810,0,0,26,25,0,0,12,0,0,0,0,0
329.7454,65945,0,32924,32906,32893,32893,0,0,30,30,0,0,61,0,0,0,0,0
330.7124,66139,0,33018,33010,33010,33010,0,0,21,21,0,0,34,0,0,0,0,0
331.6944,66335,0,33137,33116,33099,33099,0,0,32,32,0,0,17,0,0,0,0,0
332.7394,66544,0,33214,33198,33198,33198,16,0,27,27,0,0,42,0,0,0,0,0
333.7464,66746,0,33309,33309,33309,33309,0,0,0,0,0,0,32,0,0,0,0,0
334.7114,66939,0,33413,33401,33401,33401,0,0,29,29,0,0,29,0,0,0,0,0
335.7184,67140,0,33510,33493,33493,33493,17,0,51,51,0,0,17,0,0,0,0,0
336.7474,67346,0,33615,33615,33600,33600,0,0,30,30,0,0,32,0,0,0,0,0
337.7454,67546,0,33726,33707,33707,33707,0,0,45,45,0,0,25,0,0,0,0,0
338.6934,67735,0,33837,33830,33817,33817,0,0,32,31,0,0,20,0,0,0,0,0
339.7104,67939,0,33932,33932,33918,33918,0,0,27,27,0,0,21,0,0,0,0,0
340.7164,68140,0,34033,34017,34013,34013,16,0,18,18,0,0,41,0,0,0,0,0
341.6954,68335,0,34136,34123,34122,34122,0,0,27,27,0,0,28,0,0,0,0,0
342.8654,68569,0,34220,34220,34210,34210,21,0,0,0,0,0,28,0,0,31,0,0
343.7064,68738,0,34335,34322,34322,34322,13,0,17,17,0,0,13,0,0,0,0,0
344.7064,68938,0,34429,34429,34415,34415,0,0,27,27,0,0,42,0,0,0,0,0
345.7764,69152,0,34511,34499,34499,34499,5,0,18,18,0,0,19,0,0,27,0,0
346.7044,69337,0,34637,34622,34602,34602,0,0,40,40,0,0,20,0,0,0,0,0
347.7404,69544,0,34723,34711,34711,34711,0,0,28,28,0,0,27,0,0,0,0,0
348.7024,69737,0,34820,34820,34820,34820,0,0,0,0,0,0,28,0,0,0,0,0
349.7004,69936,0,34935,34924,34924,34924,11,0,27,27,0,0,37,0,0,0,0,0
350.7584,70148,0,35023,35008,35008,35008,0,0,30,30,0,0,43,0,0,0,0,0
351.7024,70337,0,35121,35096,35096,35096,25,0,34,34,0,0,26,0,0,0,0,0
352.7554,70547,0,35210,35208,35199,35199,0,0,28,28,0,0,21,0,0,0,0,0
353.7094,70738,0,35289,35276,35276,35276,13,0,33,33,0,0,33,0,0,0,0,0
354.7464,70946,0,35382,35382,35368,35368,0,0,1,1,0,0,40,0,0,0,0,0
355.7204,71140,0,35487,35473,35473,35473,14,0,27,27,0,0,39,0,0,0,0,0
356.7024,71337,0,35614,35597,35597,35597,0,0,32,32,0,0,0,0,0,0,0,0
357.7514,71547,0,35693,35691,35691,35691,0,0,29,29,0,0,43,0,0,0,0,0
358.7024,71737,0,35794,35794,35794,35794,53,0,0,0,0,0,0,0,0,21,0,0
359.7624,71949,0,35916,35901,35887,35887,15,0,28,28,0,0,55,0,0,0,0,0
360.7654,72149,0,35989,35989,35989,35989,27,0,0,0,0,0,30,0,0,0,0,0
361.7084,72338,0,36096,36096,36096,36096,0,0,0,0,0,0,30,0,0,0,0,0
362.7214,72541,0,36206,36194,36194,36194,0,0,31,31,0,0,33,0,0,0,0,0
363.7324,72743,0,36313,36299,36299,36299,41,0,26,26,0,0,41,0,0,0,0,0
364.7254,72941,0,36401,36401,36386,36386,0,0,6,5,0,0,14,0,0,30,0,0
365.7664,73150,0,36522,36522,36522,36522,0,0,0,0,0,0,34,0,0,0,0,0
366.7174,73340,0,36633,36618,36604,36604,15,0,29,29,0,0,24,0,0,0,0,0
367.7904,73554,0,36723,36723,36700,36700,0,0,0,0,0,0,38,0,0,0,0,0
368.7174,73740,0,36825,36812,36812,36812,13,0,27,27,0,0,41,0,0,0,0,0
369.7264,73942,0,36915,36896,36883,36883,0,0,30,30,0,0,41,0,0,0,0,0
370.7324,74143,0,37006,37006,36994,36994,0,0,27,27,0,0,41,0,0,0,0,0
371.7544,74347,0,37099,37089,37089,37089,0,0,21,21,0,0,40,0,0,0,0,0
372.7504,74546,0,37179,37179,37179,37179,0,0,0,0,0,0,33,0,0,0,0,0
373.7464,74745,0,37299,37284,37274,37274,0,0,27,27,0,0,43,0,0,0,0,0
374.7034,74937,0,37401,37401,37401,37401,0,0,41,41,0,0,12,0,0,0,0,0
375.7324,75143,0,37508,37497,37495,37495,0,0,27,27,0,0,29,0,0,0,0,0
376.7544,75347,0,37610,37591,37591,37591,0,0,46,46,0,0,30,0,0,0,0,0
377.7134,75539,0,37709,37697,37697,37697,12,0,40,40,0,0,12,0,0,0,0,0
378.7394,75744,0,37806,37806,37791,37791,0,0,18,18,0,0,0,0,0,35,0,0
379.7264,75942,0,37914,37914,37914,37914,0,0,0,0,0,0,29,0,0,0,0,0
380.7004,76136,0,38018,37995,37995,37995,44,0,0,0,0,0,50,0,0,0,0,0
381.7644,76349,0,38118,38099,38099,38099,0,0,32,32,0,0,19,0,0,0,0,0
382.7464,76546,0,38229,38212,38197,38197,0,0,31,31,0,0,32,0,0,0,0,0
383.7084,76738,0,38312,38298,38298,38298,14,0,27,27,0,0,41,0,0,0,0,0
384.7504,76946,0,38410,38394,38394,38394,0,0,31,31,0,0,20,0,0,16,0,0
385.7124,77139,0,38500,38482,38482,38482,27,0,32,32,0,0,39,0,0,0,0,0
386.7244,77341,0,38587,38587,38587,38587,0,0,0,0,0,0,32,0,0,0,0,0
387.7234,77541,0,38678,38678,38678,38678,0,0,46,46,0,0,0,0,0,0,0,0
388.7084,77738,0,38788,38773,38773,38773,19,0,24,27,0,0,37,0,0,0,0,0
389.7494,77946,0,38886,38886,38857,38857,0,0,0,0,0,0,59,0,0,0,0,0
390.7564,78148,0,38964,38964,38964,38964,15,0,31,31,0,0,42,0,0,0,0,0
391.7314,78343,0,39068,39054,39044,39044,0,0,27,27,0,0,37,0,0,0,0,0
392.7374,78544,0,39159,39159,39151,39151,0,0,1,0,0,0,28,0,0,0,0,0
393.7244,78741,0,39266,39266,39265,39265,0,0,0,0,0,0,21,0,0,0,0,0
394.7004,78936,0,39361,39361,39354,39354,0,0,27,27,0,0,0,0,0,26,0,0
395.7284,79142,0,39449,39447,39447,39447,2,0,29,29,0,0,23,0,0,0,0,0
396.7524,79347,0,39557,39552,39545,39545,27,0,20,20,0,0,0,0,0,0,0,0
397.7044,79537,0,39656,39656,39646,39646,0,0,3,3,0,0,19,0,0,23,0,0
398.7264,79742,0,39778,39763,39753,39753,15,0,0,0,0,0,26,0,0,0,0,0
399.7214,79941,0,39876,39861,39846,39846,15,0,27,27,0,0,36,0,0,0,0,0
400.7064,80138,0,39986,39986,39986,39986,0,0,0,0,0,0,28,0,0,0,0,0
401.7254,80342,0,40095,40083,40068,40068,12,0,26,26,0,0,46,0,0,0,0,0
402.7634,80549,0,40201,40184,40184,40184,0,0,36,36,0,0,21,0,0,21,0,0
403.7104,80738,0,40296,40296,40296,40296,0,0,0,0,0,0,27,0,0,0,0,0
404.7294,80942,0,40381,40381,40381,40381,51,0,0,0,0,0,0,0,0,19,0,0
405.7514,81146,0,40492,40479,40479,40479,0,0,0,0,0,0,39,0,0,26,0,0
406.7504,81346,0,40595,40584,40569,40569,11,0,28,28,0,0,37,0,0,0,0,0
407.7574,81548,0,40675,40675,40675,40675,0,0,47,47,0,0,21,0,0,0,0,0
408.7284,81742,0,40780,40780,40780,40780,39,0,0,0,0,0,23,0,0,0,0,0
409.7244,81941,0,40889,40876,40876,40876,0,0,29,29,0,0,28,0,0,0,0,0
410.7044,82137,0,40982,40964,40964,40964,0,0,47,47,0,0,2,0,0,0,0,0
411.7134,82339,0,41080,41067,41054,41054,0,0,27,27,0,0,40,0,0,0,0,0
412.7224,82541,0,41172,41172,41172,41172,25,0,18,24,0,0,0,0,0,0,0,0
413.7054,82738,0,41269,41255,41255,41255,27,0,0,0,0,0,40,0,0,0,0,0
414.7614,82949,0,41368,41368,41355,41355,7,0,0,0,0,0,28,0,0,0,0,0
415.7714,83151,0,41460,41460,41446,41446,40,0,0,0,0,0,21,0,0,0,0,0
416.7294,83342,0,41570,41555,41555,41555,15,0,28,28,0,0,43,0,0,0,0,0
417.7964,83556,0,41653,41653,41649,41649,27,0,27,26,0,0,13,0,0,0,0,0
418.7224,83741,0,41740,41740,41740,41740,19,0,27,27,0,0,0,0,0,0,0,0
419.7024,83937,0,41840,41840,41832,41832,16,0,0,0,0,0,27,0,0,8,0,0
420.7644,84149,0,41937,41921,41921,41921,20,0,43,43,0,0,28,0,0,21,0,0
421.7274,84342,0,42030,42024,42019,42019,0,0,28,28,0,0,34,0,0,0,0,0
422.7194,84540,0,42142,42142,42142,42142,27,0,13,18,0,0,0,0,0,0,0,0
423.7644,84749,0,42240,42225,42225,42225,2,0,24,24,0,0,44,0,0,0,0,0
424.7414,84944,0,42340,42323,42323,42323,0,0,30,30,0,0,0,0,0,0,0,0
425.7724,85150,0,42436,42419,42414,42414,17,0,29,29,0,0,57,0,0,0,0,0
426.7434,85345,0,42516,42505,42493,42493,11,0,31,31,0,0,33,0,0,1,0,0
427.7174,85540,0,42634,42620,42617,42617,0,0,31,31,0,0,3,0,0,0,0,0
428.7384,85744,0,42738,42720,42720,42720,0,0,28,28,0,0,27,0,0,0,0,0
429.7274,85942,0,42824,42824,42824,42824,0,0,0,0,0,0,30,0,0,0,0,0
430.7104,86138,0,42937,42920,42901,42901,0,0,28,28,0,0,47,0,0,0,0,0
431.7354,86343,0,43032,43024,43024,43024,8,0,0,0,0,0,39,0,0,0,0,0
432.7634,86549,0,43146,43137,43127,43127,0,0,10,10,0,0,35,0,0,0,0,0
433.7174,86740,0,43247,43226,43226,43226,21,0,27,27,0,0,50,0,0,0,0,0
434.7314,86943,0,43358,43343,43333,43333,0,0,30,30,0,0,10,0,0,0,0,0
435.7224,87141,0,43442,43432,43432,43432,0,0,27,27,0,0,37,0,0,0,0,0
436.7284,87342,0,43542,43527,43527,43527,0,0,33,33,0,0,41,0,0,0,0,0
437.7854,87553,0,43629,43629,43629,43629,0,0,51,50,0,0,26,0,0,0,0,0
438.7374,87744,0,43746,43726,43726,43726,0,0,33,33,0,0,20,0,0,0,0,0
439.7174,87940,0,43838,43838,43824,43824,0,0,12,11,0,0,25,0,0,0,0,0
440.7354,88143,0,43939,43927,43919,43919,0,0,20,20,0,0,8,0,0,0,0,0
441.7274,88342,0,44028,44028,44028,44028,0,0,48,48,0,0,0,0,0,0,0,0
442.7084,88538,0,44152,44140,44124,44124,0,0,24,24,0,0,16,0,0,0,0,0
443.7854,88753,0,44239,44230,44220,44220,0,0,44,44,0,0,9,0,0,0,0,0
444.7214,88941,0,44351,44340,44340,44340,5,0,27,27,0,0,36,0,0,0,0,0
445.7124,89139,0,44439,44439,44439,44439,0,0,0,0,0,0,43,0,0,0,0,0
446.7644,89349,0,44537,44528,44513,44513,9,0,26,26,0,0,32,0,0,0,0,0
447.7194,89540,0,44613,44613,44613,44613,46,0,0,0,0,0,22,0,0,5,0,0
448.7124,89739,0,44732,44732,44731,44731,0,0,0,0,0,0,0,0,0,0,0,0
449.7794,89952,0,44841,44823,44823,44823,0,0,22,22,0,0,0,0,0,1,0,0
450.7144,90139,0,44933,44933,44931,44931,0,0,0,0,0,0,31,0,0,0,0,0
451.7094,90338,0,45043,45031,45017,45017,12,0,18,18,0,0,51,0,0,0,0,0
452.7104,90539,0,45154,45154,45139,45139,0,0,27,27,0,0,41,0,0,0,0,0
453.7314,90742,0,45232,45232,45221,45221,0,0,19,19,0,0,23,0,0,4,0,0
454.7244,90941,0,45333,45330,45319,45319,0,0,25,25,0,0,44,0,0,0,0,0
455.7094,91138,0,45445,45426,45426,45426,0,0,28,28,0,0,28,0,0,0,0,0
456.7174,91340,0,45545,45530,45530,45530,0,0,26,26,0,0,43,0,0,0,0,0
457.7164,91540,0,45641,45641,45639,45639,0,0,45,45,0,0,2,0,0,0,0,0
458.7104,91738,0,45747,45746,45746,45746,0,0,21,21,0,0,33,0,0,0,0,0
459.7194,91940,0,45849,45827,45827,45827,6,0,25,26,0,0,38,0,0,0,0,0
460.7394,92144,0,45939,45939,45923,45923,0,0,32,32,0,0,19,0,0,0,0,0
461.7124,92339,0,46048,46033,46013,46013,0,0,12,12,0,0,49,0,0,0,0,0
462.7464,92546,0,46138,46126,46126,46126,0,0,24,24,0,0,28,0,0,0,0,0
463.7114,92739,0,46235,46235,46235,46235,0,0,0,0,0,0,27,0,0,0,0,0
464.7464,92946,0,46331,46330,46330,46330,1,0,38,38,0,0,22,0,0,0,0,0
465.7214,93141,0,46447,46429,46429,46429,0,0,28,28,0,0,21,0,0,0,0,0
466.7154,93339,0,46547,46547,46547,46547,35,0,22,22,0,0,0,0,0,35,0,0
467.8184,93560,0,46632,46620,46620,46620,28,0,37,36,0,0,12,0,0,0,0,0
468.7324,93743,0,46735,46718,46718,46718,0,0,30,30,0,0,25,0,0,0,0,0
469.7284,93942,0,46839,46823,46823,46823,28,0,43,43,0,0,16,0,0,0,0,0
470.7324,94143,0,46935,46921,46914,46914,0,0,28,28,0,0,34,0,0,0,0,0
471.7324,94343,0,47036,47027,47027,47027,9,0,29,29,0,0,9,0,0,0,0,0
472.7664,94550,0,47136,47120,47120,47120,0,0,27,27,0,0,28,0,0,0,0,0
473.7244,94741,0,47214,47214,47214,47214,31,0,25,25,0,0,21,0,0,0,0,0
474.7874,94953,0,47313,47296,47296,47296,36,0,28,28,0,0,17,0,0,0,0,0
475.7154,95139,0,47427,47400,47400,47400,0,0,56,56,0,0,7,0,0,0,0,0
476.7554,95347,0,47521,47507,47507,47507,0,0,41,41,0,0,14,0,0,0,0,0
477.7294,95542,0,47598,47598,47598,47598,18,0,36,36,0,0,39,0,0,0,0,0
478.7824,95753,0,47718,47718,47704,47704,0,0,31,31,0,0,14,0,0,0,0,0
479.7274,95942,0,47822,47811,47811,47811,0,0,2,2,0,0,38,0,0,26,0,0
480.7104,96138,0,47916,47901,47901,47901,0,0,27,27,0,0,42,0,0,0,0,0
481.7674,96350,0,48022,48022,48007,48007,0,0,0,0,0,0,69,0,0,0,0,0
482.7124,96539,0,48116,48116,48116,48116,27,0,19,18,0,0,1,0,0,0,0,0
483.7084,96738,0,48214,48198,48198,48198,0,0,29,29,0,0,21,0,0,0,0,0
484.7534,96947,0,48321,48302,48282,48282,19,0,33,33,0,0,50,0,0,0,0,0
485.7714,97151,0,48400,48395,48392,48392,28,0,16,16,0,0,8,0,0,0,0,0
486.7744,97351,0,48512,48512,48499,48499,0,0,27,27,0,0,0,0,0,0,0,0
487.8044,97557,0,48606,48606,48606,48606,48,0,0,0,0,0,23,0,0,0,0,0
488.7554,97748,0,48719,48719,48719,48719,15,0,20,20,0,0,29,0,0,0,0,0
489.7114,97939,0,48824,48824,48824,48824,31,0,0,0,0,0,15,0,0,0,0,0
490.7724,98151,0,48922,48913,48911,48911,0,0,0,0,0,0,44,0,0,0,0,0
491.7464,98346,0,49023,49023,49023,49023,10,0,28,28,0,0,40,0,0,0,0,0
492.7194,98540,0,49122,49111,49111,49111,11,0,27,27,0,0,37,0,0,0,0,0
493.7534,98747,0,49225,49225,49209,49209,0,0,0,0,0,0,44,0,0,0,0,0
494.7584,98948,0,49328,49315,49315,49315,0,0,27,27,0,0,33,0,0,0,0,0
495.8544,99167,0,49418,49407,49407,49407,11,0,24,24,0,0,2,0,0,0,0,0
497.0084,99398,0,49507,49499,49499,49499,0,0,22,22,0,0,10,0,0,0,0,0
497.7374,99544,0,49631,49620,49616,49616,11,0,6,6,0,0,46,0,0,0,0,0
498.7394,99744,0,49736,49721,49721,49721,15,0,31,31,0,0,42,0,0,0,0,0
499.9064,99977,0,49813,49813,49813,49813,18,0,47,47,0,0,17,0,0,2,0,0
500.7084,100138,0,49939,49921,49921,49921,0,0,31,31,0,0,27,0,0,0,0,0
501.7274,100342,0,50042,50032,50032,50032,0,0,38,38,0,0,1,0,0,0,0,0
502.7224,100541,0,50140,50116,50116,50116,24,0,30,30,0,0,53,0,0,0,0,0
503.7854,100753,0,50237,50222,50222,50222,41,0,0,0,0,0,15,0,0,0,0,0
504.7114,100938,0,50340,50340,50324,50324,0,0,10,10,0,0,10,0,0,27,0,0
505.7344,101143,0,50449,50449,50436,50436,0,0,0,0,0,0,24,0,0,0,0,0
506.7974,101356,0,50540,50525,50525,50525,0,0,29,29,0,0,42,0,0,0,0,0
507.7294,101542,0,50658,50641,50641,50641,17,0,29,29,0,0,45,0,0,0,0,0
508.7944,101755,0,50749,50739,50739,50739,3,0,7,7,0,0,28,0,0,0,0,0
509.7124,101939,0,50856,50856,50842,50842,0,0,26,26,0,0,41,0,0,0,0,0
510.7354,102143,0,50948,50937,50937,50937,0,0,21,21,0,0,37,0,0,0,0,0
511.7984,102356,0,51063,51063,51063,51063,27,0,28,28,0,0,0,0,0,0,0,0
512.7404,102544,0,51165,51149,51149,51149,43,0,29,29,0,0,16,0,0,0,0,0
513.7614,102749,0,51270,51252,51252,51252,18,0,7,7,0,0,36,0,0,0,0,0
514.7274,102942,0,51366,51366,51354,51354,0,0,2,1,0,0,29,0,0,0,0,0
515.7324,103143,0,51444,51435,51423,51423,0,0,27,27,0,0,35,0,0,0,0,0
516.8894,103373,0,51539,51539,51539,51539,13,0,27,27,0,0,44,0,0,0,0,0
517.7234,103541,0,51640,51628,51628,51628,39,0,30,30,0,0,12,0,0,0,0,0
518.8534,103767,0,51720,51720,51720,51720,51,0,0,0,0,0,14,0,0,0,0,0
519.7154,103939,0,51819,51819,51819,51819,20,0,7,16,0,0,29,0,0,0,0,0
520.7264,104142,0,51937,51937,51937,51937,54,0,20,20,0,0,0,0,0,0,0,0
521.7584,104348,0,52035,52021,52021,52021,27,0,4,4,0,0,44,0,0,0,0,0
522.7154,104540,0,52143,52143,52130,52130,0,0,49,49,0,0,13,0,0,0,0,0
523.7104,104738,0,52228,52228,52228,52228,6,0,24,24,0,0,27,0,0,0,0,0
524.7084,104938,0,52344,52344,52344,52344,0,0,0,0,0,0,27,0,0,0,0,0
525.7964,105155,0,52428,52414,52414,52414,0,0,28,28,0,0,41,0,0,0,0,0
526.7984,105356,0,52544,52544,52524,52524,0,0,0,0,0,0,31,0,0,0,0,0
527.7824,105553,0,52651,52637,52637,52637,5,0,23,23,0,0,36,0,0,0,0,0
528.7294,105742,0,52744,52725,52725,52725,49,0,0,0,0,0,45,0,0,0,0,0
529.7074,105938,0,52863,52847,52847,52847,16,0,28,28,0,0,43,0,0,0,0,0
530.8564,106167,0,52963,52963,52945,52945,0,0,22,22,0,0,39,0,0,10,0,0
531.7274,106342,0,53066,53066,53046,53046,0,0,32,32,0,0,0,0,0,12,0,0
532.7414,106545,0,53167,53153,53153,53153,6,0,0,0,0,0,41,0,0,21,0,0
533.7674,106750,0,53273,53259,53250,53250,0,0,57,57,0,0,9,0,0,0,0,0
534.7404,106944,0,53360,53360,53360,53360,28,0,5,5,0,0,48,0,0,0,0,0
535.8614,107168,0,53481,53465,53451,53451,0,0,0,0,0,0,7,0,0,0,0,0
536.7284,107342,0,53548,53548,53548,53548,0,0,35,35,0,0,21,0,0,0,0,0
537.8154,107560,0,53667,53647,53647,53647,0,0,21,21,0,0,0,0,0,0,0,0
538.7174,107740,0,53770,53753,53753,53753,0,0,25,25,0,0,21,0,0,0,0,0
539.7914,107955,0,53878,53862,53854,53854,32,0,34,34,0,0,48,0,0,0,0,0
540.7434,108145,0,53981,53968,53968,53968,0,0,29,29,0,0,8,0,0,28,0,0
541.7344,108343,0,54078,54068,54068,54068,10,0,0,0,0,0,56,0,0,0,0,0
542.7274,108542,0,54170,54153,54153,54153,4,0,28,28,0,0,36,0,0,0,0,0
543.7954,108755,0,54258,54258,54258,54258,46,0,37,42,0,0,25,0,0,0,0,0
544.7804,108952,0,54373,54366,54344,54344,0,0,41,41,0,0,44,0,0,0,0,0
545.8344,109163,0,54485,54485,54468,54468,0,0,31,31,0,0,0,0,0,0,0,0
546.7814,109353,0,54571,54558,54556,54556,0,0,0,0,0,0,27,0,0,0,0,0
547.7974,109556,0,54672,54672,54672,54672,0,0,0,0,0,0,38,0,0,0,0,0
548.7684,109750,0,54763,54763,54758,54758,0,0,0,0,0,0,21,0,0,0,0,0
549.7314,109942,0,54862,54851,54851,54851,4,0,27,27,0,0,34,0,0,0,0,0
550.7304,110142,0,54960,54950,54950,54950,0,0,21,21,0,0,28,0,0,0,0,0
551.7754,110351,0,55066,55052,55039,55039,0,0,32,32,0,0,13,0,0,0,0,0
552.7434,110545,0,55151,55151,55151,55151,0,0,29,29,0,0,41,0,0,0,0,0
553.7704,110750,0,55282,55261,55261,55261,0,0,25,25,0,0,13,0,0,0,0,0
554.7844,110953,0,55363,55363,55363,55363,0,0,36,36,0,0,45,0,0,0,0,0
555.7314,111143,0,55475,55475,55464,55464,31,0,0,0,0,0,21,0,0,0,0,0
556.9124,111379,0,55579,55579,55579,55579,0,0,0,0,0,0,50,0,0,0,0,0
557.7244,111541,0,55665,55665,55665,55665,0,0,0,0,0,0,21,0,0,2,0,0
558.8974,111776,0,55756,55756,55756,55756,0,0,0,0,0,0,45,0,0,0,0,0
559.7424,111944,0,55857,55841,55841,55841,6,0,29,29,0,0,37,0,0,0,0,0
560.7574,112148,0,55940,55940,55940,55940,0,0,22,22,0,0,37,0,0,0,0,0
561.7414,112345,0,56050,56050,56050,56050,28,0,22,22,0,0,0,0,0,0,0,0
562.7144,112539,0,56144,56127,56127,56127,38,0,0,0,0,0,45,0,0,0,0,0
563.7244,112741,0,56246,56246,56246,56246,31,0,0,0,0,0,0,0,0,16,0,0
564.7404,112945,0,56332,56332,56326,56326,44,0,6,5,0,0,28,0,0,0,0,0
565.7404,113145,0,56431,56431,56431,56431,48,0,0,0,0,0,0,0,0,16,0,0
566.7434,113345,0,56550,56535,56535,56535,37,0,24,24,0,0,15,0,0,0,0,0
567.7394,113544,0,56661,56657,56647,56647,0,0,21,21,0,0,45,0,0,0,0,0
568.8174,113760,0,56763,56751,56732,56732,0,0,22,22,0,0,45,0,0,0,0,0
569.7824,113953,0,56855,56854,56854,56854,0,0,0,0,0,0,22,0,0,16,0,0
570.7154,114139,0,56963,56954,56954,56954,9,0,28,28,0,0,36,0,0,0,0,0
571.7544,114347,0,57053,57053,57044,57044,0,0,0,0,0,0,43,0,0,0,0,0
572.7564,114548,0,57156,57145,57138,57138,0,0,33,33,0,0,22,0,0,0,0,0
573.7964,114756,0,57264,57253,57246,57246,11,0,7,7,0,0,28,0,0,0,0,0
574.7974,114956,0,57370,57354,57354,57354,16,0,37,37,0,0,50,0,0,0,0,0
575.7794,115152,0,57477,57472,57472,57472,52,0,0,0,0,0,5,0,0,0,0,0
576.7484,115346,0,57574,57571,57570,57570,0,0,0,0,0,0,17,0,0,0,0,0
577.7774,115552,0,57678,57678,57667,57667,0,0,0,0,0,0,26,0,0,0,0,0
578.7154,115739,0,57772,57762,57762,57762,0,0,26,26,0,0,27,0,0,0,0,0
579.7854,115953,0,57885,57873,57873,57873,12,0,44,44,0,0,12,0,0,0,0,0
580.7874,116154,0,57971,57968,57968,57968,3,0,7,7,0,0,24,0,0,0,0,0
581.7224,116341,0,58061,58061,58045,58045,0,0,0,0,0,0,32,0,0,26,0,0
582.7834,116553,0,58174,58161,58161,58161,13,0,29,29,0,0,29,0,0,16,0,0
583.7294,116742,0,58288,58272,58272,58272,0,0,27,27,0,0,26,0,0,0,0,0
584.7084,116938,0,58389,58380,58366,58366,0,0,21,21,0,0,40,0,0,0,0,0
585.7934,117155,0,58477,58466,58466,58466,38,0,0,0,0,0,38,0,0,0,0,0
586.7624,117349,0,58588,58568,58568,58568,0,0,28,28,0,0,0,0,0,0,0,0
587.8204,117560,0,58682,58666,58656,58656,0,0,57,57,0,0,10,0,0,0,0,0
588.7264,117742,0,58766,58766,58755,58755,0,0,26,26,0,0,0,0,0,0,0,0
589.7344,117943,0,58857,58857,58857,58857,0,0,0,0,0,0,26,0,0,0,0,0
590.7944,118155,0,58952,58952,58952,58952,0,0,0,0,0,0,31,0,0,16,0,0
591.7504,118346,0,59045,59033,59030,59030,38,0,0,0,0,0,42,0,0,0,0,0
592.8284,118561,0,59147,59146,59146,59146,0,0,0,0,0,0,18,0,0,19,0,0
593.7994,118756,0,59246,59230,59229,59229,0,0,6,6,0,0,46,0,0,0,0,0
594.7504,118946,0,59354,59343,59329,59329,0,0,38,37,0,0,14,0,0,0,0,0
595.7424,119145,0,59429,59429,59429,59429,29,0,7,7,0,0,41,0,0,0,0,0
596.8524,119367,0,59548,59529,59529,59529,0,0,34,34,0,0,42,0,0,21,0,0
597.8254,119561,0,59650,59636,59636,59636,14,0,29,29,0,0,26,0,0,0,0,0
598.7474,119746,0,59761,59747,59747,59747,0,0,31,31,0,0,27,0,0,0,0,0
599.7204,119940,0,59864,59841,59841,59841,23,0,0,0,0,0,56,0,0,0,0,0
600.8214,120161,0,59967,59967,59955,59955,0,0,26,26,0,0,0,0,0,0,0,0
601.7494,120346,0,60075,60060,60060,60060,0,0,46,45,0,0,0,0,0,0,0,0
602.7354,120543,0,60181,60181,60181,60181,0,0,30,30,0,0,21,0,0,0,0,0
603.8184,120760,0,60271,60271,60271,60271,40,0,0,0,0,0,39,0,0,0,0,0
604.7614,120949,0,60382,60370,60368,60368,0,0,46,46,0,0,2,0,0,0,0,0
605.7434,121145,0,60470,60470,60470,60470,3,0,21,21,0,0,31,0,0,0,0,0
606.8934,121374,0,60590,60571,60571,60571,0,0,34,34,0,0,3,0,0,0,0,0
607.8064,121558,0,60682,60682,60667,60667,0,0,29,29,0,0,12,0,0,29,0,0
608.8134,121759,0,60775,60775,60762,60762,0,0,4,3,0,0,27,0,0,0,0,0
609.7284,121942,0,60885,60866,60866,60866,19,0,29,29,0,0,40,0,0,0,0,0
610.7844,122153,0,60980,60980,60980,60980,0,0,0,0,0,0,34,0,0,0,0,0
611.7494,122346,0,61086,61078,61068,61068,0,0,32,32,0,0,23,0,0,0,0,0
612.9324,122583,0,61178,61164,61164,61164,0,0,22,22,0,0,0,0,0,0,0,0
613.7214,122741,0,61277,61277,61277,61277,22,0,0,0,0,0,28,0,0,0,0,0
614.7444,122945,0,61372,61372,61372,61372,0,0,0,0,0,0,31,0,0,0,0,0
615.7954,123156,0,61476,61461,61461,61461,0,0,28,28,0,0,15,0,0,0,0,0
616.7874,123354,0,61585,61585,61585,61585,0,0,0,0,0,0,9,0,0,31,0,0
617.8664,123569,0,61690,61683,61663,61663,0,0,14,14,0,0,49,0,0,29,0,0
618.9454,123785,0,61786,61775,61772,61772,0,0,18,18,0,0,11,0,0,0,0,0
619.7264,123942,0,61893,61893,61878,61878,0,0,8,8,0,0,36,0,0,0,0,0
620.9104,124178,0,61995,61995,61986,61986,15,0,32,32,0,0,16,0,0,0,0,0
621.7494,124346,0,62093,62093,62093,62093,11,0,30,30,0,0,43,0,0,0,0,0
622.8594,124568,0,62212,62198,62198,62198,0,0,7,7,0,0,46,0,0,32,0,0
623.7234,124741,0,62311,62296,62296,62296,0,0,34,34,0,0,0,0,0,0,0,0
624.7464,124946,0,62396,62396,62396,62396,0,0,28,28,0,0,48,0,0,0,0,0
625.7824,125153,0,62526,62513,62513,62513,34,0,1,9,0,0,13,0,0,0,0,0
626.8874,125374,0,62621,62600,62600,62600,29,0,30,30,0,0,21,0,0,0,0,0
627.7344,125543,0,62717,62717,62716,62716,0,0,0,0,0,0,43,0,0,0,0,0
628.8164,125760,0,62808,62808,62805,62805,22,0,0,0,0,0,25,0,0,0,0,0
629.7404,125944,0,62916,62916,62899,62899,0,0,28,28,0,0,35,0,0,0,0,0
630.7564,126148,0,63014,62995,62995,62995,0,0,44,44,0,0,14,0,0,0,0,0
631.7934,126355,0,63116,63098,63098,63098,18,0,31,31,0,0,5,0,0,0,0,0
632.8974,126576,0,63213,63191,63191,63191,0,0,35,34,0,0,50,0,0,35,0,0
633.7394,126744,0,63325,63306,63306,63306,0,0,29,29,0,0,26,0,0,0,0,0
634.7314,126943,0,63427,63412,63400,63400,0,0,31,31,0,0,12,0,0,0,0,0
635.8724,127171,0,63525,63517,63517,63517,0,0,0,0,0,0,39,0,0,0,0,0
636.7574,127348,0,63624,63624,63624,63624,27,0,27,27,0,0,0,0,0,0,0,0
637.8454,127565,0,63721,63721,63710,63710,28,0,25,25,0,0,13,0,0,0,0,0
638.7544,127747,0,63812,63812,63794,63794,0,0,14,14,0,0,0,0,0,0,0,0
639.8934,127974,0,63907,63891,63879,63879,0,0,1,1,0,0,35,0,0,0,0,0
640.7494,128146,0,64003,63991,63976,63976,0,0,24,24,0,0,41,0,0,0,0,0
641.9154,128379,0,64111,64093,64092,64092,0,0,28,28,0,0,18,0,0,0,0,0
642.7554,128547,0,64229,64199,64199,64199,0,0,16,15,0,0,16,0,0,0,0,0
644.2034,128837,0,64301,64294,64285,64285,98,0,28,28,0,0,109,0,0,0,0,0
644.7824,128953,0,64401,64390,64356,64356,0,0,102,102,0,0,97,0,0,0,0,0
645.7544,129147,0,64531,64516,64500,64500,15,0,6,6,0,0,38,0,0,0,0,0
646.8794,129370,0,64630,64619,64610,64610,0,0,29,29,0,0,33,0,0,0,0,0
647.8454,129565,0,64728,64728,64728,64728,0,0,54,54,0,0,39,0,0,0,0,0
648.7254,129741,0,64841,64841,64841,64841,0,0,0,0,0,0,29,0,0,0,0,0
649.7134,129939,0,64928,64928,64928,64928,27,0,0,0,0,0,26,0,0,0,0,0
650.9134,130179,0,65041,65022,65022,65022,0,0,20,19,0,0,48,0,0,0,0,0
651.7234,130341,0,65129,65129,65129,65129,0,0,44,44,0,0,0,0,0,0,0,0
652.8914,130575,0,65235,65235,65235,65235,16,0,45,44,0,0,17,0,0,0,0,0
653.7554,130747,0,65350,65334,65334,65334,0,0,31,31,0,0,40,0,0,0,0,0
654.7864,130954,0,65442,65413,65413,65413,0,0,56,56,0,0,15,0,0,0,0,0
655.7314,131142,0,65527,65527,65527,65527,0,0,26,26,0,0,0,0,0,15,0,0
656.7674,131350,0,65640,65624,65624,65624,16,0,18,18,0,0,16,0,0,0,0,0
657.7664,131550,0,65723,65723,65723,65723,21,0,0,0,0,0,26,0,0,0,0,0
658.7774,131752,0,65828,65827,65827,65827,0,0,33,33,0,0,1,0,0,0,0,0
659.9194,131980,0,65922,65908,65899,65899,33,0,0,5,0,0,80,0,0,0,0,0
660.8154,132159,0,66007,65988,65988,65988,0,0,79,79,0,0,56,0,0,0,0,0
661.7364,132344,0,66135,66135,66135,66135,35,0,30,30,0,0,0,0,0,0,0,0
662.8534,132567,0,66234,66222,66222,66222,0,0,33,33,0,0,0,0,0,0,0,0
663.7304,132742,0,66335,66322,66322,66322,0,0,35,35,0,0,22,0,0,0,0,0
664.7634,132949,0,66429,66412,66409,66409,17,0,32,32,0,0,17,0,0,0,0,0
665.8484,133166,0,66505,66505,66495,66495,0,0,16,15,0,0,10,0,0,0,0,0
667.0254,133401,0,66627,66594,66573,66573,0,0,29,29,0,0,52,0,0,0,0,0
667.7494,133546,0,66720,66707,66707,66707,0,0,33,33,0,0,31,0,0,0,0,0
668.8494,133766,0,66819,66819,66816,66816,0,0,0,0,0,0,0,0,0,0,0,0
669.7164,133940,0,66921,66909,66909,66909,0,0,21,21,0,0,38,0,0,0,0,0
670.7674,134150,0,67032,67017,67005,67005,0,0,20,20,0,0,20,0,0,0,0,0
671.9284,134382,0,67110,67110,67110,67110,36,0,27,27,0,0,40,0,0,29,0,0
672.7414,134545,0,67224,67224,67195,67195,0,0,0,0,0,0,62,0,0,0,0,0
673.7504,134747,0,67321,67321,67321,67321,0,0,11,11,0,0,40,0,0,0,0,0
674.7364,134944,0,67414,67414,67411,67411,0,0,4,4,0,0,0,0,0,32,0,0
675.7794,135152,0,67523,67523,67523,67523,0,0,0,0,0,0,28,0,0,0,0,0
676.8374,135364,0,67624,67611,67611,67611,0,0,27,27,0,0,31,0,0,28,0,0
677.7964,135555,0,67729,67729,67708,67708,33,0,0,0,0,0,22,0,0,0,0,0
678.7624,135749,0,67821,67811,67821,67811,33,0,23,23,0,0,0,0,0,0,0,0
679.8264,135962,0,67911,67899,67899,67899,0,0,14,14,0,0,12,0,0,0,0,0
680.8254,136161,0,68002,68002,68002,68002,29,0,0,3,0,0,24,0,0,0,0,0
681.7874,136354,0,68119,68119,68100,68100,0,0,17,17,0,0,0,0,0,0,0,0
682.7494,136546,0,68229,68224,68215,68215,0,0,14,14,0,0,33,0,0,0,0,0
683.8744,136771,0,68306,68293,68293,68293,58,0,0,0,0,0,44,0,0,0,0,0
685.2754,137051,0,68414,68414,68394,68394,0,0,9,9,0,0,20,0,0,0,0,0
686.0154,137199,0,68445,68426,68426,68426,0,0,31,31,0,0,41,0,0,4,0,0
687.0074,137397,0,68592,68579,68579,68579,0,0,61,61,0,0,89,0,0,0,0,0
687.7874,137553,0,68699,68698,68698,68698,0,0,9,8,0,0,2,0,0,18,0,0
688.9054,137777,0,68820,68798,68798,68798,0,0,44,44,0,0,5,0,0,0,0,0
689.7274,137942,0,68933,68933,68919,68919,0,0,31,31,0,0,27,0,0,0,0,0
690.7444,138145,0,69050,69035,69020,69020,17,0,14,14,0,0,30,0,0,0,0,0
691.8684,138370,0,69125,69116,69102,69102,0,0,22,22,0,0,69,0,0,69,0,0
692.9954,138595,0,69197,69197,69197,69197,0,0,22,22,0,0,89,0,0,0,0,0
693.7524,138746,0,69350,69336,69307,69307,0,0,65,65,0,0,29,0,0,0,0,0
694.9254,138981,0,69435,69435,69435,69435,11,0,22,22,0,0,14,0,0,1,0,0
695.7194,139140,0,69553,69539,69539,69539,0,0,35,35,0,0,9,0,0,0,0,0
696.7564,139348,0,69646,69634,69634,69634,0,0,25,25,0,0,12,0,0,0,0,0
697.7564,139548,0,69735,69726,69719,69719,9,0,29,29,0,0,21,0,0,25,0,0
698.7194,139740,0,69833,69833,69821,69821,0,0,14,14,0,0,24,0,0,0,0,0
699.7154,139940,0,69924,69912,69912,69912,12,0,27,27,0,0,39,0,0,0,0,0
700.7414,140145,0,70014,70014,70004,70004,28,0,12,12,0,0,0,0,0,0,0,0
701.7204,140340,0,70121,70117,70110,70110,4,0,0,0,0,0,6,0,0,26,0,0
702.7494,140546,0,70199,70199,70195,70195,29,0,2,2,0,0,26,0,0,0,0,0
703.7264,140742,0,70300,70300,70300,70300,51,0,0,0,0,0,0,0,0,19,0,0
704.7474,140946,0,70409,70409,70395,70395,0,0,30,30,0,0,41,0,0,0,0,0
705.7884,141154,0,70530,70513,70513,70513,0,0,28,28,0,0,17,0,0,19,0,0
706.7334,141343,0,70629,70602,70602,70602,0,0,0,0,0,0,58,0,0,0,0,0
707.7214,141541,0,70725,70725,70724,70724,28,0,23,23,0,0,0,0,0,6,0,0
708.7774,141752,0,70834,70811,70816,70811,0,0,0,0,0,0,4,0,0,1,0,0
709.7434,141945,0,70935,70921,70921,70921,0,0,26,26,0,0,25,0,0,0,0,0
710.7324,142143,0,71037,71037,71037,71037,0,0,35,35,0,0,7,0,0,0,0,0
711.7214,142341,0,71129,71129,71103,71103,0,0,0,0,0,0,59,0,0,0,0,0
713.0594,142608,0,71225,71225,71216,71216,39,0,8,8,0,0,38,0,0,29,0,0
714.0144,142799,0,71311,71311,71311,71311,0,0,39,39,0,0,19,0,0,0,0,0
714.7684,142950,0,71427,71427,71427,71427,42,0,0,0,0,0,36,0,0,0,0,0
715.8164,143159,0,71519,71519,71503,71503,0,0,0,0,0,0,40,0,0,0,0,0
716.7954,143355,0,71637,71623,71623,71623,0,0,50,50,0,0,14,0,0,0,0,0
717.8694,143570,0,71729,71729,71729,71729,0,0,28,28,0,0,28,0,0,13,0,0
719.1164,143819,0,71824,71824,71806,71806,9,0,43,43,0,0,87,0,0,0,0,0
719.7844,143953,0,71890,71890,71890,71890,17,0,70,70,0,0,51,0,0,0,0,0
720.8724,144171,0,72026,72026,72014,72014,0,0,0,0,0,0,80,0,0,0,0,0
721.7784,144352,0,72139,72121,72121,72121,0,0,16,15,0,0,0,0,0,0,0,0
722.8494,144566,0,72219,72219,72219,72219,28,0,53,53,0,0,13,0,0,0,0,0
724.0584,144808,0,72307,72307,72291,72291,42,0,4,15,0,0,41,0,0,11,0,0
724.8484,144966,0,72415,72395,72395,72395,31,0,35,35,0,0,20,0,0,0,0,0
726.5534,145305,0,72509,72509,72495,72495,0,0,38,37,0,0,121,0,0,0,0,0
728.3414,145665,0,72529,72529,72529,72529,2,0,74,74,1,0,173,1,0,0,0,0
728.6554,145727,0,72583,72583,72572,72572,0,0,93,93,1,0,235,0,0,0,0,0
728.7824,145752,0,72611,72611,72572,72572,0,0,126,126,1,0,173,0,0,0,0,0
730.0524,146007,0,72789,72772,72673,72673,0,0,258,257,0,0,389,0,0,95,0,0
730.8714,146171,0,72956,72956,72860,72860,33,0,278,277,1,0,230,0,0,0,0,0
731.8254,146361,0,73092,73092,73022,73022,0,0,292,291,1,0,141,0,0,0,0,0
732.8364,146564,0,73232,73202,73202,73202,17,0,179,179,0,0,65,0,0,0,0,0
733.8984,146776,0,73330,73308,73308,73308,34,0,64,82,0,0,37,0,0,0,0,0
734.9284,146982,0,73418,73418,73404,73404,27,0,33,33,0,0,42,0,0,17,0,0
736.1804,147232,0,73491,73491,73491,73491,0,0,13,12,0,0,118,0,0,0,0,0
736.7914,147355,0,73602,73602,73602,73602,19,0,50,50,0,0,52,0,0,0,0,0
737.7524,147547,0,73722,73722,73711,73711,0,0,0,0,0,0,45,0,0,0,0,0
738.8274,147762,0,73809,73809,73797,73797,0,0,39,39,0,0,46,0,0,0,0,0
739.8284,147962,0,73923,73922,73896,73896,0,0,1,1,0,0,22,0,0,5,0,0
740.8574,148168,0,74002,74002,74002,74002,0,0,35,34,0,0,28,0,0,11,0,0
741.8904,148374,0,74109,74109,74109,74109,0,0,30,30,0,0,2,0,0,0,0,0
742.8594,148568,0,74200,74200,74200,74200,46,0,0,0,0,0,0,0,0,0,0,0
743.9374,148784,0,74327,74316,74316,74316,0,0,27,27,0,0,0,0,0,0,0,0
744.7844,148953,0,74404,74404,74404,74404,0,0,40,39,0,0,29,0,0,0,0,0
745.9624,149189,0,74500,74500,74500,74500,0,0,21,21,0,0,42,0,0,0,0,0
747.1694,149430,0,74598,74598,74578,74578,0,0,18,17,0,0,3,0,0,0,0,0
748.3594,149659,0,74658,74658,74656,74656,128,0,59,59,0,0,90,0,0,95,0,0
749.1534,149826,0,74742,74742,74703,74703,0,0,78,78,0,0,111,0,0,0,0,0
750.1584,150028,0,74848,74838,74771,74771,119,0,136,136,0,0,165,0,0,0,0,0
751.2364,150244,0,74935,74935,74935,74935,10,0,229,228,1,0,61,0,0,79,0,0
751.7354,150343,0,75071,75039,74992,74992,0,0,251,251,0,0,112,0,0,0,0,0
752.7364,150544,0,75197,75183,75180,75180,0,0,61,60,0,0,3,0,0,0,0,0
754.0914,150814,0,75282,75282,75282,75282,0,0,26,26,0,0,21,0,0,18,0,0
754.7424,150945,0,75379,75379,75379,75379,19,0,40,40,0,0,41,0,0,0,0,0
755.7754,151151,0,75500,75487,75475,75475,0,0,29,29,0,0,10,0,0,0,0,0
756.7664,151350,0,75589,75581,75581,75581,8,0,34,34,0,0,8,0,0,0,0,0
757.7374,151543,0,75663,75663,75663,75663,21,0,0,0,0,0,27,0,0,0,0,0
758.7554,151748,0,75767,75767,75767,75767,28,0,25,25,0,0,0,0,0,0,0,0
759.7524,151947,0,75880,75871,75865,75865,0,0,29,29,0,0,42,0,0,0,0,0
760.7704,152150,0,75954,75953,75953,75953,16,0,31,31,0,0,43,0,0,0,0,0
761.7344,152343,0,76069,76059,76059,76059,41,0,0,0,0,0,10,0,0,17,0,0
762.7504,152546,0,76164,76164,76138,76138,0,0,9,9,0,0,0,0,0,2,0,0
763.7674,152750,0,76260,76251,76242,76242,0,0,12,12,0,0,14,0,0,0,0,0
765.2334,153043,0,76332,76328,76310,76310,5,0,44,44,0,0,116,0,0,0,0,0
765.7414,153145,0,76453,76427,76401,76401,7,0,50,50,0,0,92,0,0,0,0,0
766.9804,153392,0,76530,76530,76530,76530,0,0,39,39,0,0,8,0,0,0,0,0
767.7304,153543,0,76634,76609,76609,76609,26,0,0,0,0,0,52,0,0,0,0,0
768.7694,153750,0,76738,76738,76724,76724,0,0,9,9,0,0,23,0,0,26,0,0
769.8924,153975,0,76837,76837,76837,76837,19,0,49,49,0,0,7,0,0,0,0,0
770.7354,154143,0,76946,76932,76932,76932,0,0,26,26,0,0,20,0,0,0,0,0
771.7544,154347,0,77051,77037,77022,77022,0,0,21,21,0,0,46,0,0,0,0,0
772.9104,154578,0,77149,77135,77131,77131,0,0,33,33,0,0,94,0,0,0,0,0
774.0194,154800,0,77240,77203,77203,77203,44,0,73,73,0,0,65,0,0,0,0,0
774.7534,154947,0,77355,77330,77330,77330,25,0,39,39,0,0,25,0,0,12,0,0
775.7984,155156,0,77447,77447,77447,77447,0,0,31,31,0,0,27,0,0,0,0,0
777.1024,155416,0,77548,77548,77543,77543,0,0,0,0,0,0,26,0,0,6,0,0
777.9294,155582,0,77643,77630,77630,77630,2,0,43,43,0,0,1,0,0,45,0,0
778.8454,155765,0,77740,77740,77740,77740,0,0,43,43,0,0,54,0,0,0,0,0
779.9284,155982,0,77858,77858,77838,77838,0,0,45,45,0,0,45,0,0,0,0,0
780.7474,156146,0,77958,77958,77958,77958,0,0,0,0,0,0,36,0,0,37,0,0
781.8104,156358,0,78065,78052,78047,78047,26,0,0,0,0,0,43,0,0,0,0,0
782.7634,156549,0,78166,78154,78145,78145,0,0,9,9,0,0,20,0,0,1,0,0
783.7664,156750,0,78266,78266,78266,78266,29,0,5,5,0,0,31,0,0,0,0,0
784.9534,156987,0,78369,78369,78369,78369,0,0,8,8,0,0,32,0,0,0,0,0
785.7424,157145,0,78482,78482,78482,78482,0,0,31,31,0,0,28,0,0,0,0,0
787.0464,157406,0,78596,78592,78577,78577,0,0,40,40,0,0,4,0,0,0,0,0
787.8744,157570,0,78680,78680,78666,78666,0,0,26,25,0,0,62,0,0,0,0,0
788.8534,157767,0,78786,78786,78786,78786,0,0,38,38,0,0,22,0,0,0,0,0
789.9954,157994,0,78900,78900,78900,78900,0,0,37,37,0,0,62,0,0,0,0,0
790.8454,158165,0,79007,79007,79007,79007,0,0,35,35,0,0,34,0,0,0,0,0
792.0054,158397,0,79112,79082,79082,79082,0,0,53,53,0,0,18,0,0,0,0,0
792.7474,158546,0,79204,79204,79203,79203,31,0,6,6,0,0,28,0,0,0,0,0
793.9164,158779,0,79313,79313,79313,79313,18,0,28,28,0,0,26,0,0,0,0,0
794.7354,158943,0,79419,79405,79405,79405,23,0,51,51,0,0,14,0,0,0,0,0
795.7374,159144,0,79499,79499,79499,79499,27,0,0,0,0,0,24,0,0,0,0,0
796.8014,159357,0,79609,79592,79583,79583,17,0,25,24,0,0,19,0,0,29,0,0
797.7654,159549,0,79701,79701,79701,79701,0,0,34,34,0,0,36,0,0,0,0,0
798.7924,159754,0,79778,79778,79778,79778,30,0,0,0,0,0,64,0,0,0,0,0
799.8424,159965,0,79893,79893,79879,79879,0,0,31,31,0,0,60,0,0,0,0,0
800.7604,160148,0,79995,79994,79994,79994,0,0,3,3,0,0,27,0,0,0,0,0
801.9274,160382,0,80087,80087,80087,80087,0,0,24,24,0,0,37,0,0,0,0,0
802.8024,160557,0,80192,80192,80192,80192,25,0,32,32,0,0,0,0,0,0,0,0
803.7934,160755,0,80287,80275,80275,80275,33,0,0,0,0,0,37,0,0,0,0,0
805.1574,161027,0,80394,80382,80382,80382,0,0,26,25,0,0,35,0,0,0,0,0
806.0044,161197,0,80485,80485,80485,80485,0,0,49,48,0,0,32,0,0,11,0,0
806.7614,161349,0,80582,80568,80568,80568,14,0,32,32,0,0,14,0,0,0,0,0
807.9554,161587,0,80680,80668,80668,80668,0,0,9,9,0,0,40,0,0,0,0,0
808.7564,161748,0,80771,80771,80771,80771,28,0,1,1,0,0,40,0,0,0,0,0
809.9074,161978,0,80888,80871,80871,80871,45,0,31,31,0,0,31,0,0,0,0,0
810.7794,162152,0,80990,80988,80973,80973,0,0,27,27,0,0,45,0,0,0,0,0
811.9564,162388,0,81109,81108,81091,81091,0,0,27,26,0,0,1,0,0,0,0,0
813.1434,162625,0,81170,81166,81145,81145,0,0,30,30,0,0,50,0,0,16,0,0
814.1384,162824,0,81211,81211,81197,81197,0,0,105,104,0,0,210,0,0,0,0,0
814.8574,162968,0,81346,81304,81289,81289,0,0,187,187,0,0,107,0,0,0,0,0
815.7914,163154,0,81495,81489,81489,81489,0,0,48,48,0,0,63,0,0,0,0,0
816.7714,163351,0,81617,81589,81589,81589,28,0,21,21,0,0,14,0,0,0,0,0
817.7854,163553,0,81698,81690,81690,81690,0,0,0,0,0,0,31,0,0,0,0,0
818.7314,163743,0,81796,81786,81772,81772,0,0,27,27,0,0,42,0,0,0,0,0
819.7704,163950,0,81880,81880,81880,81880,5,0,0,0,0,0,0,0,0,38,0,0
820.7524,164147,0,81999,81990,81990,81990,0,0,25,25,0,0,29,0,0,0,0,0
821.7544,164347,0,82106,82089,82089,82089,7,0,39,39,0,0,44,0,0,0,0,0
822.7554,164547,0,82193,82193,82193,82193,47,0,0,0,0,0,13,0,0,0,0,0
823.9354,164782,0,82295,82278,82265,82265,11,0,29,29,0,0,18,0,0,7,0,0
824.8124,164959,0,82385,82367,82367,82367,0,0,56,56,0,0,33,0,0,0,0,0
825.8214,165161,0,82492,82492,82492,82492,0,0,0,0,0,0,21,0,0,0,0,0
826.7854,165353,0,82592,82592,82586,82586,0,0,36,36,0,0,55,0,0,0,0,0
827.9984,165596,0,82695,82686,82686,82686,45,0,21,21,0,0,9,0,0,0,0,0
828.9734,165791,0,82783,82783,82783,82783,6,0,47,47,0,0,0,0,0,0,0,0
830.0474,166006,0,82873,82872,82857,82857,13,0,21,21,0,0,58,0,0,0,0,0
830.7294,166142,0,82988,82988,82961,82961,0,0,0,0,0,0,39,0,0,0,0,0
832.0754,166411,0,83092,83083,83083,83083,0,0,8,8,0,0,28,0,0,28,0,0
833.2594,166648,0,83183,83175,83165,83165,1,0,25,25,0,0,95,0,0,0,0,0
833.8214,166761,0,83256,83247,83239,83239,0,0,54,54,0,0,95,0,0,0,0,0
834.8294,166962,0,83362,83348,83348,83348,0,0,28,28,0,0,0,0,0,0,0,0
836.0114,167198,0,83462,83462,83446,83446,0,0,10,9,0,0,54,0,0,19,0,0
836.8344,167363,0,83562,83562,83562,83562,0,0,42,41,0,0,27,0,0,0,0,0
837.9494,167586,0,83665,83665,83651,83651,0,0,28,28,0,0,12,0,0,0,0,0
838.8604,167768,0,83766,83758,83743,83743,8,0,10,10,0,0,82,0,0,0,0,0
839.7984,167956,0,83865,83865,83865,83865,32,0,0,0,0,0,0,0,0,0,0,0
840.7654,168149,0,83974,83974,83961,83961,0,0,25,24,0,0,0,0,0,31,0,0
841.8554,168367,0,84088,84073,84073,84073,0,0,39,39,0,0,40,0,0,0,0,0
842.7804,168552,0,84190,84177,84177,84177,0,0,26,26,0,0,22,0,0,28,0,0
843.7404,168744,0,84281,84281,84264,84264,0,0,23,23,0,0,42,0,0,0,0,0
844.9044,168977,0,84392,84392,84389,84389,38,0,37,41,0,0,15,0,0,0,0,0
845.8204,169160,0,84477,84477,84469,84469,0,0,16,16,0,0,4,0,0,0,0,0
847.0774,169412,0,84582,84582,84582,84582,0,0,38,38,0,0,22,0,0,0,0,0
847.7924,169555,0,84685,84685,84685,84685,15,0,47,47,0,0,15,0,0,0,0,0
848.9434,169785,0,84785,84785,84777,84777,30,0,0,0,0,0,43,0,0,29,0,0
849.7884,169954,0,84897,84887,84877,84877,0,0,30,30,0,0,38,0,0,0,0,0
850.9254,170181,0,84976,84976,84976,84976,0,0,18,17,0,0,51,0,0,0,0,0
851.8024,170357,0,85100,85100,85095,85095,66,0,0,0,0,0,17,0,0,0,0,0
853.0074,170597,0,85197,85197,85197,85197,0,0,26,26,0,0,5,0,0,0,0,0
853.7574,170748,0,85312,85296,85296,85296,0,0,44,44,0,0,17,0,0,0,0,0
854.7564,170948,0,85398,85384,85381,85381,0,0,0,0,0,0,28,0,0,0,0,0
855.8484,171166,0,85514,85502,85502,85502,0,0,29,29,0,0,17,0,0,0,0,0
856.7764,171351,0,85612,85597,85597,85597,15,0,28,28,0,0,34,0,0,0,0,0
857.8684,171570,0,85712,85705,85686,85686,0,0,26,26,0,0,49,0,0,0,0,0
858.8714,171771,0,85796,85796,85796,85796,23,0,33,33,0,0,51,0,0,28,0,0
859.8014,171956,0,85907,85889,85889,85889,18,0,37,37,0,0,40,0,0,0,0,0
860.9124,172179,0,85992,85992,85992,85992,0,0,27,26,0,0,36,0,0,0,0,0
861.7764,172352,0,86104,86090,86082,86082,14,0,12,12,0,0,51,0,0,0,0,0
862.9154,172579,0,86184,86184,86184,86184,53,0,0,0,0,0,22,0,0,0,0,0
863.7354,172743,0,86303,86290,86281,86281,0,0,1,1,0,0,44,0,0,0,0,0
864.9414,172985,0,86400,86400,86392,86392,26,0,15,15,0,0,47,0,0,0,0,0
865.7654,173149,0,86509,86496,86480,86480,0,0,25,25,0,0,48,0,0,0,0,0
866.9574,173387,0,86602,86600,86600,86600,0,0,26,25,0,0,44,0,0,0,0,0
867.8334,173563,0,86724,86696,86696,86696,0,0,18,18,0,0,36,0,0,0,0,0
868.9014,173777,0,86815,86815,86815,86815,28,0,0,0,0,0,27,0,0,27,0,0
869.8364,173963,0,86934,86934,86934,86934,1,0,0,0,0,0,21,0,0,0,0,0
870.8444,174165,0,87023,87023,87012,87012,0,0,0,0,0,0,26,0,0,0,0,0
871.8264,174361,0,87125,87125,87125,87125,0,0,0,0,0,0,0,0,0,20,0,0
872.9274,174582,0,87232,87232,87209,87209,0,0,29,29,0,0,0,0,0,0,0,0
873.7904,174754,0,87340,87328,87316,87316,12,0,2,2,0,0,33,0,0,0,0,0
874.7844,174953,0,87422,87417,87417,87417,11,0,26,26,0,0,42,0,0,0,0,0
875.7524,175146,0,87524,87515,87511,87511,0,0,21,21,0,0,25,0,0,0,0,0
876.8274,175362,0,87622,87622,87622,87622,0,0,45,45,0,0,0,0,0,0,0,0
877.8124,175559,0,87715,87715,87715,87715,0,0,0,0,0,0,22,0,0,0,0,0
878.9024,175777,0,87823,87823,87823,87823,0,0,0,0,0,0,0,0,0,0,0,0
879.8064,175958,0,87915,87915,87915,87915,0,0,38,38,0,0,0,0,0,0,0,0
880.9074,176178,0,88009,88009,87999,87999,0,0,10,10,0,0,47,0,0,0,0,0
881.8084,176358,0,88120,88112,88112,88112,0,0,26,26,0,0,8,0,0,0,0,0
882.9034,176577,0,88222,88222,88194,88194,0,0,0,0,0,0,23,0,0,0,0,0
883.7554,176747,0,88314,88314,88300,88300,0,0,26,26,0,0,0,0,0,2,0,0
884.7784,176952,0,88411,88398,88382,88382,13,0,5,5,0,0,42,0,0,0,0,0
885.8504,177166,0,88513,88513,88513,88513,0,0,0,0,0,0,44,0,0,0,0,0
886.7504,177346,0,88619,88602,88602,88602,0,0,26,26,0,0,46,0,0,0,0,0
888.0154,177599,0,88707,88694,88694,88694,0,0,0,0,0,0,22,0,0,22,0,0
888.7764,177752,0,88804,88790,88774,88774,0,0,31,31,0,0,18,0,0,31,0,0
889.7624,177948,0,88904,88885,88885,88885,0,0,29,28,0,0,32,0,0,21,0,0
890.8714,178171,0,89008,88992,88992,88992,16,0,22,22,0,0,44,0,0,28,0,0
891.8014,178357,0,89109,89109,89098,89098,21,0,28,28,0,0,0,0,0,0,0,0
892.8934,178575,0,89217,89205,89205,89205,12,0,0,0,0,0,42,0,0,0,0,0
893.7684,178750,0,89312,89312,89303,89303,0,0,5,5,0,0,44,0,0,29,0,0
894.7474,178946,0,89408,89393,89393,89393,0,0,28,28,0,0,42,0,0,0,0,0
895.8384,179164,0,89503,89492,89492,89492,0,0,3,3,0,0,40,0,0,11,0,0
896.8154,179359,0,89591,89591,89581,89581,29,0,28,28,0,0,42,0,0,0,0,0
897.9044,179577,0,89685,89685,89681,89681,0,0,7,7,0,0,40,0,0,0,0,0
898.7734,179751,0,89792,89792,89775,89775,0,0,0,0,0,0,51,0,0,30,0,0
899.8494,179966,0,89901,89888,89888,89888,0,0,26,26,0,0,13,0,0,27,0,0
900.8284,180162,0,89986,89986,89986,89986,0,0,30,30,0,0,45,0,0,0,0,0
901.9484,180385,0,90094,90080,90080,90080,0,0,13,13,0,0,66,0,0,0,0,0
902.7874,180554,0,90195,90195,90195,90195,0,0,0,0,0,0,29,0,0,3,0,0
903.7594,180748,0,90295,90282,90282,90282,13,0,28,28,0,0,40,0,0,0,0,0
904.8054,180957,0,90384,90384,90368,90368,0,0,0,0,0,0,48,0,0,0,0,0
905.9584,181188,0,90497,90480,90479,90479,17,0,30,30,0,0,17,0,0,0,0,0
907.0604,181408,0,90589,90581,90565,90565,8,0,33,33,0,0,18,0,0,0,0,0
907.9194,181579,0,90684,90667,90667,90667,0,0,33,32,0,0,52,0,0,0,0,0
908.9884,181794,0,90791,90775,90782,90775,0,0,58,57,0,0,35,0,0,0,0,0
909.9454,181985,0,90896,90880,90880,90880,0,0,56,56,0,0,77,0,0,0,0,0
910.7524,182147,0,91005,90994,90969,90969,22,0,24,24,0,0,44,0,0,0,0,0
911.9714,182391,0,91114,91093,91093,91093,0,0,21,21,0,0,61,0,0,0,0,0
912.7924,182555,0,91214,91214,91206,91206,18,0,28,28,0,0,56,0,0,0,0,0
913.9554,182787,0,91305,91305,91305,91305,0,0,29,29,0,0,18,0,0,0,0,0
914.7514,182946,0,91419,91419,91405,91405,0,0,28,28,0,0,29,0,0,0,0,0
915.7994,183156,0,91523,91523,91523,91523,0,0,0,0,0,0,48,0,0,0,0,0
916.8034,183357,0,91618,91602,91602,91602,14,0,19,25,0,0,37,0,0,0,0,0
917.9904,183593,0,91732,91721,91721,91721,0,0,28,28,0,0,0,0,0,0,0,0
918.8204,183760,0,91828,91812,91804,91804,0,0,33,33,0,0,43,0,0,0,0,0
919.9344,183983,0,91934,91934,91911,91911,0,0,37,37,0,0,0,0,0,0,0,0
920.9844,184193,0,92032,92019,92005,92005,0,0,16,16,0,0,63,0,0,0,0,0
921.7564,184348,0,92125,92125,92125,92125,0,0,0,0,0,0,37,0,0,8,0,0
922.9714,184591,0,92221,92221,92201,92201,32,0,11,10,0,0,58,0,0,0,0,0
923.7604,184748,0,92318,92305,92305,92305,0,0,3,3,0,0,51,0,0,15,0,0
924.8364,184964,0,92415,92404,92404,92404,0,0,26,26,0,0,16,0,0,23,0,0
925.7674,185150,0,92515,92498,92491,92491,0,0,51,51,0,0,0,0,0,0,0,0
927.0004,185396,0,92610,92595,92595,92595,0,0,9,9,0,0,31,0,0,0,0,0
927.7734,185551,0,92700,92700,92689,92689,0,0,26,26,0,0,38,0,0,0,0,0
929.1054,185817,0,92811,92795,92795,92795,4,0,14,14,0,0,10,0,0,0,0,0
929.9344,185983,0,92904,92885,92885,92885,0,0,57,57,0,0,54,0,0,35,0,0
930.7724,186151,0,92996,92996,92996,92996,0,0,30,30,0,0,28,0,0,0,0,0
931.9034,186377,0,93115,93115,93103,93103,0,0,6,6,0,0,0,0,0,0,0,0
932.7524,186547,0,93214,93199,93183,93183,15,0,20,20,0,0,36,0,0,0,0,0
933.7814,186753,0,93336,93320,93306,93306,0,0,16,16,0,0,30,0,0,0,0,0
934.8384,186964,0,93413,93413,93413,93413,0,0,24,24,0,0,38,0,0,0,0,0
935.7894,187154,0,93517,93502,93502,93502,0,0,21,21,0,0,0,0,0,0,0,0
936.9324,187383,0,93613,93593,93593,93593,0,0,25,25,0,0,40,0,0,0,0,0
937.8064,187558,0,93719,93707,93705,93705,12,0,2,1,0,0,38,0,0,0,0,0
938.7754,187751,0,93819,93812,93812,93812,33,0,0,0,0,0,34,0,0,0,0,0
939.9084,187978,0,93930,93930,93914,93914,14,0,32,32,0,0,0,0,0,0,0,0
940.7384,188144,0,94043,94043,94043,94043,0,0,0,0,0,0,38,0,0,0,0,0
941.9254,188381,0,94138,94127,94127,94127,0,0,28,28,0,0,43,0,0,0,0,0
942.7994,188556,0,94230,94225,94224,94224,0,0,21,21,0,0,28,0,0,0,0,0
944.0414,188805,0,94333,94333,94333,94333,0,0,28,28,0,0,0,0,0,0,0,0
944.7334,188943,0,94430,94420,94420,94420,0,0,29,29,0,0,35,0,0,0,0,0
945.7654,189149,0,94546,94546,94546,94546,29,0,26,26,0,0,0,0,0,0,0,0
946.9364,189383,0,94635,94623,94614,94614,25,0,0,0,0,0,27,0,0,0,0,0
947.7604,189548,0,94718,94718,94708,94708,0,0,26,26,0,0,37,0,0,0,0,0
948.9734,189791,0,94835,94832,94818,94818,31,0,25,24,0,0,70,0,0,0,0,0
949.7634,189949,0,94943,94943,94943,94943,0,0,3,3,0,0,31,0,0,0,0,0
950.8954,190175,0,95043,95043,95031,95031,0,0,0,0,0,0,50,0,0,5,0,0
951.8114,190359,0,95144,95133,95133,95133,0,0,28,28,0,0,0,0,0,33,0,0
952.7584,190548,0,95243,95243,95219,95219,0,0,0,0,0,0,55,0,0,0,0,0
953.8304,190762,0,95336,95336,95319,95319,46,0,0,0,0,0,27,0,0,0,0,0
954.8384,190964,0,95441,95430,95430,95430,0,0,26,26,0,0,30,0,0,3,0,0
955.8564,191168,0,95535,95535,95528,95528,0,0,37,36,0,0,17,0,0,0,0,0
957.1034,191417,0,95642,95633,95628,95628,0,0,36,36,0,0,21,0,0,9,0,0
957.7624,191549,0,95729,95729,95729,95729,30,0,6,6,0,0,34,0,0,0,0,0
959.0004,191796,0,95839,95824,95824,95824,24,0,0,0,0,0,55,0,0,0,0,0
959.7504,191946,0,95939,95939,95939,95939,40,0,0,0,0,0,3,0,0,0,0,0
960.5204,192000,0,96000,96000,96000,96000,0,0,0,0,0,0,0,0,0,0,0,0
